year,tri_facility_id,facility_name,street_address,city,county,state,zip,latitude,longitude,industry_sector,naics_code,chemical,cas_number,carcinogen,unit_of_measure,fugitive_air_releases,stack_air_releases,water_releases,landfill_releases,onsite_release_total,offsite_release_total,total_releases,parent_company
1987,05201JHNSNROUTE,"JOHNSON CONTROLS INC, BATTERY GROUP",RTE 67A,BENNINGTON,BENNINGTON,VT,05201,42.896971,-73.206043,Electrical Equipment,335911,Lead,7439-92-1,YES,Pounds,182,1965,250,0,2397,617,3014,JOHNSON CONTROLS INC
1987,05301CBRDLQUINN,CE BRADLEY LABORATORIES INC,55 BENNETT DR,BRATTLEBORO,WINDHAM,VT,05301,42.895916,-72.549929,Chemicals,325510,Lead compounds,N420,NO,Pounds,0,0,0,0,0,250,250,NA
1987,05701GNRLL210CO,GE AEROSPACE PLANT 1,210 COLUMBIAN AVE,RUTLAND,RUTLAND,VT,05701,43.607180,-72.992093,Transportation Equipment,336412,Lead,7439-92-1,YES,Pounds,0,85,0,0,85,604,689,GENERAL ELECTRIC CO (GE CO)
1987,05759GNRLL16WIN,GE AEROSPACE PLANT 2,270 WINDCREST RD,NORTH CLARENDON,RUTLAND,VT,05759,43.577095,-72.961317,Transportation Equipment,336412,Lead,7439-92-1,YES,Pounds,0,42,0,0,42,1446,1488,GENERAL ELECTRIC CO (GE CO)
1988,05201JHNSNROUTE,"JOHNSON CONTROLS INC, BATTERY GROUP",RTE 67A,BENNINGTON,BENNINGTON,VT,05201,42.896971,-73.206043,Electrical Equipment,335911,Lead compounds,N420,NO,Pounds,232,1965,0,0,2197,7,2204,JOHNSON CONTROLS INC
1988,05701GNRLL210CO,GE AEROSPACE PLANT 1,210 COLUMBIAN AVE,RUTLAND,RUTLAND,VT,05701,43.607180,-72.992093,Transportation Equipment,336412,Lead,7439-92-1,YES,Pounds,0,85,0,0,85,744,829,GENERAL ELECTRIC CO (GE CO)
1988,05759GNRLL16WIN,GE AEROSPACE PLANT 2,270 WINDCREST RD,NORTH CLARENDON,RUTLAND,VT,05759,43.577095,-72.961317,Transportation Equipment,336412,Lead,7439-92-1,YES,Pounds,0,42,0,0,42,1148,1190,GENERAL ELECTRIC CO (GE CO)
1989,05201JHNSNROUTE,"JOHNSON CONTROLS INC, BATTERY GROUP",RTE 67A,BENNINGTON,BENNINGTON,VT,05201,42.896971,-73.206043,Electrical Equipment,335911,Lead compounds,N420,NO,Pounds,292,1527,0,0,1819,112,1931,JOHNSON CONTROLS INC
1989,05701GNRLL210CO,GE AEROSPACE PLANT 1,210 COLUMBIAN AVE,RUTLAND,RUTLAND,VT,05701,43.607180,-72.992093,Transportation Equipment,336412,Lead,7439-92-1,YES,Pounds,0,85,0,0,85,318,403,GENERAL ELECTRIC CO (GE CO)
1989,05759GNRLL16WIN,GE AEROSPACE PLANT 2,270 WINDCREST RD,NORTH CLARENDON,RUTLAND,VT,05759,43.577095,-72.961317,Transportation Equipment,336412,Lead,7439-92-1,YES,Pounds,0,42,0,0,42,1479,1521,GENERAL ELECTRIC CO (GE CO)
1990,05201JHNSNROUTE,"JOHNSON CONTROLS INC, BATTERY GROUP",RTE 67A,BENNINGTON,BENNINGTON,VT,05201,42.896971,-73.206043,Electrical Equipment,335911,Lead compounds,N420,NO,Pounds,182,1503,0,0,1685,662,2347,JOHNSON CONTROLS INC
1990,05701GNRLL210CO,GE AEROSPACE PLANT 1,210 COLUMBIAN AVE,RUTLAND,RUTLAND,VT,05701,43.607180,-72.992093,Transportation Equipment,336412,Lead,7439-92-1,YES,Pounds,5,93,0,0,98,6893,6991,GENERAL ELECTRIC CO (GE CO)
1990,05759GNRLL16WIN,GE AEROSPACE PLANT 2,270 WINDCREST RD,NORTH CLARENDON,RUTLAND,VT,05759,43.577095,-72.961317,Transportation Equipment,336412,Lead,7439-92-1,YES,Pounds,11,93,0,0,104,4564,4668,GENERAL ELECTRIC CO (GE CO)
1991,05201JHNSNROUTE,"JOHNSON CONTROLS INC, BATTERY GROUP",RTE 67A,BENNINGTON,BENNINGTON,VT,05201,42.896971,-73.206043,Electrical Equipment,335911,Lead compounds,N420,NO,Pounds,182,802,0,0,984,2776,3760,JOHNSON CONTROLS INC
1991,05701GNRLL210CO,GE AEROSPACE PLANT 1,210 COLUMBIAN AVE,RUTLAND,RUTLAND,VT,05701,43.607180,-72.992093,Transportation Equipment,336412,Lead,7439-92-1,YES,Pounds,5,2,0,0,7,6845,6852,GENERAL ELECTRIC CO (GE CO)
1991,05759GNRLL16WIN,GE AEROSPACE PLANT 2,270 WINDCREST RD,NORTH CLARENDON,RUTLAND,VT,05759,43.577095,-72.961317,Transportation Equipment,336412,Lead,7439-92-1,YES,Pounds,5,85,0,0,90,4544,4634,GENERAL ELECTRIC CO (GE CO)
1992,05201JHNSNROUTE,"JOHNSON CONTROLS INC, BATTERY GROUP",RTE 67A,BENNINGTON,BENNINGTON,VT,05201,42.896971,-73.206043,Electrical Equipment,335911,Lead compounds,N420,NO,Pounds,250,750,0,0,1000,5,1005,JOHNSON CONTROLS INC
1992,05452BMXXX1000R,GLOBALFOUNDRIES U.S. 2 LLC - VERMONT FACILITY,1000 RIVER ST,ESSEX JUNCTION,CHITTENDEN,VT,05452,44.478553,-73.102850,Computers and Electronic Products,334413,Lead,7439-92-1,YES,Pounds,0,0,0,0,0,11000,11000,GLOBALFOUNDRIES US INC
1992,05701GNRLL210CO,GE AEROSPACE PLANT 1,210 COLUMBIAN AVE,RUTLAND,RUTLAND,VT,05701,43.607180,-72.992093,Transportation Equipment,336412,Lead,7439-92-1,YES,Pounds,5,2,0,0,7,613,620,GENERAL ELECTRIC CO (GE CO)
1992,05759GNRLL16WIN,GE AEROSPACE PLANT 2,270 WINDCREST RD,NORTH CLARENDON,RUTLAND,VT,05759,43.577095,-72.961317,Transportation Equipment,336412,Lead,7439-92-1,YES,Pounds,5,5,0,0,10,3115,3125,GENERAL ELECTRIC CO (GE CO)
1993,05201JHNSNROUTE,"JOHNSON CONTROLS INC, BATTERY GROUP",RTE 67A,BENNINGTON,BENNINGTON,VT,05201,42.896971,-73.206043,Electrical Equipment,335911,Lead compounds,N420,NO,Pounds,92,750,0,0,842,4,846,JOHNSON CONTROLS INC
1993,05446CHMPLHERCU,CHAMPLAIN CABLE CORP,175 HERCULES DR,COLCHESTER,CHITTENDEN,VT,05446,44.510721,-73.175691,Electrical Equipment,335929,Lead compounds,N420,NO,Pounds,0,0,0,0,0,250,250,NA
1993,05452BMXXX1000R,GLOBALFOUNDRIES U.S. 2 LLC - VERMONT FACILITY,1000 RIVER ST,ESSEX JUNCTION,CHITTENDEN,VT,05452,44.478553,-73.102850,Computers and Electronic Products,334413,Lead,7439-92-1,YES,Pounds,0,0,0,0,0,6200,6200,GLOBALFOUNDRIES US INC
1993,05701GNRLL210CO,GE AEROSPACE PLANT 1,210 COLUMBIAN AVE,RUTLAND,RUTLAND,VT,05701,43.607180,-72.992093,Transportation Equipment,336412,Lead,7439-92-1,YES,Pounds,5,1,0,0,6,105,111,GENERAL ELECTRIC CO (GE CO)
1993,05759GNRLL16WIN,GE AEROSPACE PLANT 2,270 WINDCREST RD,NORTH CLARENDON,RUTLAND,VT,05759,43.577095,-72.961317,Transportation Equipment,336412,Lead,7439-92-1,YES,Pounds,5,3,0,0,8,554,562,GENERAL ELECTRIC CO (GE CO)
1994,05446CHMPLHERCU,CHAMPLAIN CABLE CORP,175 HERCULES DR,COLCHESTER,CHITTENDEN,VT,05446,44.510721,-73.175691,Electrical Equipment,335929,Lead compounds,N420,NO,Pounds,0,0,0,0,0,200,200,NA
1994,05452BMXXX1000R,GLOBALFOUNDRIES U.S. 2 LLC - VERMONT FACILITY,1000 RIVER ST,ESSEX JUNCTION,CHITTENDEN,VT,05452,44.478553,-73.102850,Computers and Electronic Products,334413,Lead,7439-92-1,YES,Pounds,0,0,0,0,0,5150,5150,GLOBALFOUNDRIES US INC
1994,05701GNRLL210CO,GE AEROSPACE PLANT 1,210 COLUMBIAN AVE,RUTLAND,RUTLAND,VT,05701,43.607180,-72.992093,Transportation Equipment,336412,Lead,7439-92-1,YES,Pounds,0,0,0,0,0,97,97,GENERAL ELECTRIC CO (GE CO)
1994,05759GNRLL16WIN,GE AEROSPACE PLANT 2,270 WINDCREST RD,NORTH CLARENDON,RUTLAND,VT,05759,43.577095,-72.961317,Transportation Equipment,336412,Lead,7439-92-1,YES,Pounds,0,0,0,0,0,1617,1617,GENERAL ELECTRIC CO (GE CO)
1995,05446CHMPLHERCU,CHAMPLAIN CABLE CORP,175 HERCULES DR,COLCHESTER,CHITTENDEN,VT,05446,44.510721,-73.175691,Electrical Equipment,335929,Lead compounds,N420,NO,Pounds,0,0,0,0,0,250,250,NA
1995,05451CPRNDTHOMP,BELDEN CDT INC ESSEX JUNCTION,26 THOMPSON DR,ESSEX JUNCTION,CHITTENDEN,VT,05452,44.498579,-73.037762,Electrical Equipment,335931,Lead compounds,N420,NO,Pounds,0,0,0,1400,1400,0,1400,BELDEN CDT INC
1995,05452BMXXX1000R,GLOBALFOUNDRIES U.S. 2 LLC - VERMONT FACILITY,1000 RIVER ST,ESSEX JUNCTION,CHITTENDEN,VT,05452,44.478553,-73.102850,Computers and Electronic Products,334413,Lead,7439-92-1,YES,Pounds,0,0,12,0,12,8200,8212,GLOBALFOUNDRIES US INC
1995,05701GNRLL210CO,GE AEROSPACE PLANT 1,210 COLUMBIAN AVE,RUTLAND,RUTLAND,VT,05701,43.607180,-72.992093,Transportation Equipment,336412,Lead,7439-92-1,YES,Pounds,0,0,0,0,0,261,261,GENERAL ELECTRIC CO (GE CO)
1995,05759GNRLL16WIN,GE AEROSPACE PLANT 2,270 WINDCREST RD,NORTH CLARENDON,RUTLAND,VT,05759,43.577095,-72.961317,Transportation Equipment,336412,Lead,7439-92-1,YES,Pounds,14,0,0,0,14,1634,1648,GENERAL ELECTRIC CO (GE CO)
1996,05446CHMPLHERCU,CHAMPLAIN CABLE CORP,175 HERCULES DR,COLCHESTER,CHITTENDEN,VT,05446,44.510721,-73.175691,Electrical Equipment,335929,Lead compounds,N420,NO,Pounds,0,0,0,0,0,250,250,NA
1996,05451CPRNDTHOMP,BELDEN CDT INC ESSEX JUNCTION,26 THOMPSON DR,ESSEX JUNCTION,CHITTENDEN,VT,05452,44.498579,-73.037762,Electrical Equipment,335931,Lead compounds,N420,NO,Pounds,0,0,0,0,346,0,346,BELDEN CDT INC
1996,05452BMXXX1000R,GLOBALFOUNDRIES U.S. 2 LLC - VERMONT FACILITY,1000 RIVER ST,ESSEX JUNCTION,CHITTENDEN,VT,05452,44.478553,-73.102850,Computers and Electronic Products,334413,Lead,7439-92-1,YES,Pounds,0,0,5,0,5,9425,9430,GLOBALFOUNDRIES US INC
1996,05701GNRLL210CO,GE AEROSPACE PLANT 1,210 COLUMBIAN AVE,RUTLAND,RUTLAND,VT,05701,43.607180,-72.992093,Transportation Equipment,336412,Lead,7439-92-1,YES,Pounds,0,0,0,0,0,250,250,GENERAL ELECTRIC CO (GE CO)
1996,05759GNRLL16WIN,GE AEROSPACE PLANT 2,270 WINDCREST RD,NORTH CLARENDON,RUTLAND,VT,05759,43.577095,-72.961317,Transportation Equipment,336412,Lead,7439-92-1,YES,Pounds,0,38,0,0,38,2455,2493,GENERAL ELECTRIC CO (GE CO)
1997,05446CHMPLHERCU,CHAMPLAIN CABLE CORP,175 HERCULES DR,COLCHESTER,CHITTENDEN,VT,05446,44.510721,-73.175691,Electrical Equipment,335929,Lead compounds,N420,NO,Pounds,0,0,0,0,0,250,250,NA
1997,05451CPRNDTHOMP,BELDEN CDT INC ESSEX JUNCTION,26 THOMPSON DR,ESSEX JUNCTION,CHITTENDEN,VT,05452,44.498579,-73.037762,Electrical Equipment,335931,Lead compounds,N420,NO,Pounds,0,0,0,0,0,81,81,BELDEN CDT INC
1997,05452BMXXX1000R,GLOBALFOUNDRIES U.S. 2 LLC - VERMONT FACILITY,1000 RIVER ST,ESSEX JUNCTION,CHITTENDEN,VT,05452,44.478553,-73.102850,Computers and Electronic Products,334413,Lead,7439-92-1,YES,Pounds,0,0,20,0,20,20205,20225,GLOBALFOUNDRIES US INC
1997,05701GNRLL210CO,GE AEROSPACE PLANT 1,210 COLUMBIAN AVE,RUTLAND,RUTLAND,VT,05701,43.607180,-72.992093,Transportation Equipment,336412,Lead,7439-92-1,YES,Pounds,0,0,0,0,0,10,10,GENERAL ELECTRIC CO (GE CO)
1998,05446CHMPLHERCU,CHAMPLAIN CABLE CORP,175 HERCULES DR,COLCHESTER,CHITTENDEN,VT,05446,44.510721,-73.175691,Electrical Equipment,335929,Lead compounds,N420,NO,Pounds,0,0,0,0,0,250,250,NA
1998,05451CPRNDTHOMP,BELDEN CDT INC ESSEX JUNCTION,26 THOMPSON DR,ESSEX JUNCTION,CHITTENDEN,VT,05452,44.498579,-73.037762,Electrical Equipment,335931,Lead compounds,N420,NO,Pounds,0,0,0,0,0,120,120,BELDEN CDT INC
1998,05452BMXXX1000R,GLOBALFOUNDRIES U.S. 2 LLC - VERMONT FACILITY,1000 RIVER ST,ESSEX JUNCTION,CHITTENDEN,VT,05452,44.478553,-73.102850,Computers and Electronic Products,334413,Lead,7439-92-1,YES,Pounds,0,0,20,0,20,18245,18265,GLOBALFOUNDRIES US INC
1998,05701GNRLL210CO,GE AEROSPACE PLANT 1,210 COLUMBIAN AVE,RUTLAND,RUTLAND,VT,05701,43.607180,-72.992093,Transportation Equipment,336412,Lead,7439-92-1,YES,Pounds,0,5,0,0,5,500,505,GENERAL ELECTRIC CO (GE CO)
1999,05446CHMPLHERCU,CHAMPLAIN CABLE CORP,175 HERCULES DR,COLCHESTER,CHITTENDEN,VT,05446,44.510721,-73.175691,Electrical Equipment,335929,Lead compounds,N420,NO,Pounds,0,0,0,0,0,1120,1120,NA
1999,05451CPRNDTHOMP,BELDEN CDT INC ESSEX JUNCTION,26 THOMPSON DR,ESSEX JUNCTION,CHITTENDEN,VT,05452,44.498579,-73.037762,Electrical Equipment,335931,Lead compounds,N420,NO,Pounds,0,0,0,0,0,1080,1080,BELDEN CDT INC
1999,05452BMXXX1000R,GLOBALFOUNDRIES U.S. 2 LLC - VERMONT FACILITY,1000 RIVER ST,ESSEX JUNCTION,CHITTENDEN,VT,05452,44.478553,-73.102850,Computers and Electronic Products,334413,Lead,7439-92-1,YES,Pounds,0,0,11,0,11,16645,16656,GLOBALFOUNDRIES US INC
1999,05701GNRLL210CO,GE AEROSPACE PLANT 1,210 COLUMBIAN AVE,RUTLAND,RUTLAND,VT,05701,43.607180,-72.992093,Transportation Equipment,336412,Lead,7439-92-1,YES,Pounds,0,5,0,0,5,30260,30265,GENERAL ELECTRIC CO (GE CO)
2000,05446CHMPLHERCU,CHAMPLAIN CABLE CORP,175 HERCULES DR,COLCHESTER,CHITTENDEN,VT,05446,44.510721,-73.175691,Electrical Equipment,335929,Lead compounds,N420,NO,Pounds,0,0,0,0,0,1944,1944,NA
2000,05451CPRNDTHOMP,BELDEN CDT INC ESSEX JUNCTION,26 THOMPSON DR,ESSEX JUNCTION,CHITTENDEN,VT,05452,44.498579,-73.037762,Electrical Equipment,335931,Lead compounds,N420,NO,Pounds,0,0,0,0,0,1079,1079,BELDEN CDT INC
2000,05452BMXXX1000R,GLOBALFOUNDRIES U.S. 2 LLC - VERMONT FACILITY,1000 RIVER ST,ESSEX JUNCTION,CHITTENDEN,VT,05452,44.478553,-73.102850,Computers and Electronic Products,334413,Lead,7439-92-1,YES,Pounds,0,0,9,0,9,17795,17804,GLOBALFOUNDRIES US INC
2000,05701GNRLL210CO,GE AEROSPACE PLANT 1,210 COLUMBIAN AVE,RUTLAND,RUTLAND,VT,05701,43.607180,-72.992093,Transportation Equipment,336412,Lead,7439-92-1,YES,Pounds,0,5,0,0,5,6971,6976,GENERAL ELECTRIC CO (GE CO)
2001,05089SCTNY2637U,ASCUTNEY METAL PRODS,2637 US RTE 5 N,WINDSOR,WINDSOR,VT,05089,43.487727,-72.385492,Fabricated Metals,332721,Lead,7439-92-1,YES,Pounds,0,0,0,0,0,0,0,SPIROL INTL CORP
2001,05101WHTNYINDUS,WHITNEY BLAKE CO,20 INDUSTRIAL DR,BELLOWS FALLS,WINDHAM,VT,05101,43.164891,-72.453573,Electrical Equipment,335129,Lead,7439-92-1,YES,Pounds,0,0.25,0,0,0.25,0,0.25,NA
2001,05201TNSTRWESTR,TANSITOR ELECTRONICS INC,2813 W RD,BENNINGTON,BENNINGTON,VT,05201,42.881093,-73.247022,Computers and Electronic Products,334414,Lead compounds,N420,NO,Pounds,0,0,0,0,0,0,0,VISHAY INTERTECHNOLOGY INC
2001,05301NTDCRONETE,VERMONT CIRCUITS INC,76 TECHNOLOGY DR,BRATTLEBORO,WINDHAM,VT,05301,42.875939,-72.562989,Computers and Electronic Products,334412,Lead,7439-92-1,YES,Pounds,0,0,0,0,0,5,5,NA
2001,05404YRKCP450WE,YORK CAPACITOR CORP,450 WEAVER ST,WINOOSKI,CHITTENDEN,VT,05404,44.502144,-73.183993,Computers and Electronic Products,334414,Lead,7439-92-1,YES,Pounds,0,0,0,0,0,0,0,NA
2001,05446CHMPLHERCU,CHAMPLAIN CABLE CORP,175 HERCULES DR,COLCHESTER,CHITTENDEN,VT,05446,44.510721,-73.175691,Electrical Equipment,335929,Lead compounds,N420,NO,Pounds,0,0,0,0,0,19,19,NA
2001,05451CPRNDTHOMP,BELDEN CDT INC ESSEX JUNCTION,26 THOMPSON DR,ESSEX JUNCTION,CHITTENDEN,VT,05452,44.498579,-73.037762,Electrical Equipment,335931,Lead compounds,N420,NO,Pounds,0,0,0,0,0,228,228,BELDEN CDT INC
2001,05452BMXXX1000R,GLOBALFOUNDRIES U.S. 2 LLC - VERMONT FACILITY,1000 RIVER ST,ESSEX JUNCTION,CHITTENDEN,VT,05452,44.478553,-73.102850,Computers and Electronic Products,334413,Lead,7439-92-1,YES,Pounds,0,0,2,0,2,13908.8,13910.8,GLOBALFOUNDRIES US INC
2001,05485BSCSCMILLS,WESTROCK CONVERTING LLC,369 MILL ST,SHELDON SPRINGS,FRANKLIN,VT,05485,44.906475,-72.978457,Paper,322130,Lead,7439-92-1,YES,Pounds,0,3.2,0,0,3.2,2,5.2,SMURFIT WESTROCK U.S. HOLDING CO
2001,05491HRCLSPANTO,SIMMONDS PRECISION PRODUCTS INC.,100 PANTON RD,VERGENNES,ADDISON,VT,05491,44.163130,-73.262670,Computers and Electronic Products,334519,Lead compounds,N420,NO,Pounds,0,0,0,0,178.3,178.55,356.85,RAYTHEON TECHNOLOGIES CORP
2001,05641SFTYK23WSE,SAFETY-KLEEN SYSTEMS BARRE (BVT),23 W SECOND ST,BARRE,WASHINGTON,VT,05641,44.206320,-72.515923,Hazardous Waste,562112,Lead,7439-92-1,YES,Pounds,0,0,0,0,0,0,0,CLEAN HARBORS INC
2001,05701GNRLL210CO,GE AEROSPACE PLANT 1,210 COLUMBIAN AVE,RUTLAND,RUTLAND,VT,05701,43.607180,-72.992093,Transportation Equipment,336412,Lead,7439-92-1,YES,Pounds,0,0.58,0,0,0.58,3953.4,3953.98,GENERAL ELECTRIC CO (GE CO)
2001,05733DWTYLPROSP,NEXUS CUSTOM ELECTRONICS INC,402 PROSPECT ST,BRANDON,RUTLAND,VT,05733,43.805059,-73.091539,Electrical Equipment,335999,Lead compounds,N420,NO,Pounds,0.44,1.11,0,0,1.55,234.04,235.59,NEXUS NANO ELECTRONICS INC
2001,05759GNRLL16WIN,GE AEROSPACE PLANT 2,270 WINDCREST RD,NORTH CLARENDON,RUTLAND,VT,05759,43.577095,-72.961317,Transportation Equipment,336412,Lead compounds,N420,NO,Pounds,0,0.8,0,0,0.8,4200.8,4201.6,GENERAL ELECTRIC CO (GE CO)
2001,05762STNLY3950R,STANLEY TOOLS PITTSFIELD,3950 RTE 100,PITTSFIELD,RUTLAND,VT,05762,43.772818,-72.812987,Fabricated Metals,332212,Lead,7439-92-1,YES,Pounds,0,248,0,0,248,0,248,STANLEY WORKS
2001,05860RLNSDRAILR,ETHAN ALLEN OPERATIONS INC ORLEANS DIV,27 RAILROAD AVE,ORLEANS,ORLEANS,VT,05860,44.807792,-72.204520,Furniture,337122,Lead compounds,N420,NO,Pounds,0,7.8,0,0,7.8,0,7.8,ETHAN ALLEN OPERATIONS INC
2001,05902THNLLMAINS,ETHAN ALLEN OPERATIONS INC BEECHER FALLS DIV,1280 VT RT 253,BEECHER FALLS,ESSEX,VT,05902,45.010741,-71.506558,Furniture,337122,Lead compounds,N420,NO,Pounds,0,11.4,0,0,11.4,0,11.4,ETHAN ALLEN OPERATIONS INC
2001,05904GRGPCRIVER,DIRIGO PAPER CO/DALTON HYDRO LLC,35 RIVERSIDE AVE,GILMAN,ESSEX,VT,05904,44.411751,-71.721272,Paper,322121,Lead compounds,N420,NO,Pounds,0,22,0,0,22,0,22,NA
2002,05101WHTNYINDUS,WHITNEY BLAKE CO,20 INDUSTRIAL DR,BELLOWS FALLS,WINDHAM,VT,05101,43.164891,-72.453573,Electrical Equipment,335129,Lead,7439-92-1,YES,Pounds,0,0.13,0,0,0.13,0,0.13,NA
2002,05201TNSTRWESTR,TANSITOR ELECTRONICS INC,2813 W RD,BENNINGTON,BENNINGTON,VT,05201,42.881093,-73.247022,Computers and Electronic Products,334414,Lead compounds,N420,NO,Pounds,0,0,0,0,0,0,0,VISHAY INTERTECHNOLOGY INC
2002,05257KRNPT441WA,ADC OPTICAL SYSTEMS,441 WATER ST,NORTH BENNINGTON,BENNINGTON,VT,05257,42.923026,-73.245640,Electrical Equipment,335921,Lead compounds,N420,NO,Pounds,0,0,0,0,0,328,328,ADC TELECOMMUNICATIONS INC
2002,05301NTDCRONETE,VERMONT CIRCUITS INC,76 TECHNOLOGY DR,BRATTLEBORO,WINDHAM,VT,05301,42.875939,-72.562989,Computers and Electronic Products,334412,Lead,7439-92-1,YES,Pounds,0,0,0,0,0,5,5,NA
2002,05446CHMPLHERCU,CHAMPLAIN CABLE CORP,175 HERCULES DR,COLCHESTER,CHITTENDEN,VT,05446,44.510721,-73.175691,Electrical Equipment,335929,Lead compounds,N420,NO,Pounds,0,0,0,0,0,21,21,NA
2002,05451CPRNDTHOMP,BELDEN CDT INC ESSEX JUNCTION,26 THOMPSON DR,ESSEX JUNCTION,CHITTENDEN,VT,05452,44.498579,-73.037762,Electrical Equipment,335931,Lead compounds,N420,NO,Pounds,0,0,0,0,0,547,547,BELDEN CDT INC
2002,05452BMXXX1000R,GLOBALFOUNDRIES U.S. 2 LLC - VERMONT FACILITY,1000 RIVER ST,ESSEX JUNCTION,CHITTENDEN,VT,05452,44.478553,-73.102850,Computers and Electronic Products,334413,Lead,7439-92-1,YES,Pounds,0,0,10.72,0,10.72,9207.3,9218.02,GLOBALFOUNDRIES US INC
2002,05485BSCSCMILLS,WESTROCK CONVERTING LLC,369 MILL ST,SHELDON SPRINGS,FRANKLIN,VT,05485,44.906475,-72.978457,Paper,322130,Lead,7439-92-1,YES,Pounds,0,1,0,0,1,1.3,2.3,SMURFIT WESTROCK U.S. HOLDING CO
2002,05491HRCLSPANTO,SIMMONDS PRECISION PRODUCTS INC.,100 PANTON RD,VERGENNES,ADDISON,VT,05491,44.163130,-73.262670,Computers and Electronic Products,334519,Lead compounds,N420,NO,Pounds,0,0,0,0,625,39.05,664.05,RAYTHEON TECHNOLOGIES CORP
2002,05641SFTYK23WSE,SAFETY-KLEEN SYSTEMS BARRE (BVT),23 W SECOND ST,BARRE,WASHINGTON,VT,05641,44.206320,-72.515923,Hazardous Waste,562112,Lead,7439-92-1,YES,Pounds,0,0,0,0,0,0,0,CLEAN HARBORS INC
2002,05701GNRLL210CO,GE AEROSPACE PLANT 1,210 COLUMBIAN AVE,RUTLAND,RUTLAND,VT,05701,43.607180,-72.992093,Transportation Equipment,336412,Lead,7439-92-1,YES,Pounds,12,1.2,5,0,23.2,3778.5,3801.7,GENERAL ELECTRIC CO (GE CO)
2002,05733DWTYLPROSP,NEXUS CUSTOM ELECTRONICS INC,402 PROSPECT ST,BRANDON,RUTLAND,VT,05733,43.805059,-73.091539,Electrical Equipment,335999,Lead compounds,N420,NO,Pounds,0.23,1.11,0,0,1.34,99.9,101.24,NEXUS NANO ELECTRONICS INC
2002,05759GNRLL16WIN,GE AEROSPACE PLANT 2,270 WINDCREST RD,NORTH CLARENDON,RUTLAND,VT,05759,43.577095,-72.961317,Transportation Equipment,336412,Lead compounds,N420,NO,Pounds,0,18,0,0,18,1691,1709,GENERAL ELECTRIC CO (GE CO)
2002,05762STNLY3950R,STANLEY TOOLS PITTSFIELD,3950 RTE 100,PITTSFIELD,RUTLAND,VT,05762,43.772818,-72.812987,Fabricated Metals,332212,Lead,7439-92-1,YES,Pounds,0,222,0,0,222,0,222,STANLEY WORKS
2002,05860RLNSDRAILR,ETHAN ALLEN OPERATIONS INC ORLEANS DIV,27 RAILROAD AVE,ORLEANS,ORLEANS,VT,05860,44.807792,-72.204520,Furniture,337122,Lead compounds,N420,NO,Pounds,0,4.6,0,0,4.6,0,4.6,ETHAN ALLEN OPERATIONS INC
2002,05902THNLLMAINS,ETHAN ALLEN OPERATIONS INC BEECHER FALLS DIV,1280 VT RT 253,BEECHER FALLS,ESSEX,VT,05902,45.010741,-71.506558,Furniture,337122,Lead compounds,N420,NO,Pounds,0,10.57,0,0,10.57,0,10.57,ETHAN ALLEN OPERATIONS INC
2003,05101WHTNYINDUS,WHITNEY BLAKE CO,20 INDUSTRIAL DR,BELLOWS FALLS,WINDHAM,VT,05101,43.164891,-72.453573,Electrical Equipment,335931,Lead,7439-92-1,YES,Pounds,0,0.14,0,0,0.14,0,0.14,NA
2003,05201TNSTRWESTR,TANSITOR ELECTRONICS INC,2813 W RD,BENNINGTON,BENNINGTON,VT,05201,42.881093,-73.247022,Computers and Electronic Products,334414,Lead compounds,N420,NO,Pounds,0,0,0,0,0,0,0,VISHAY INTERTECHNOLOGY INC
2003,05257KRNPT441WA,ADC OPTICAL SYSTEMS,441 WATER ST,NORTH BENNINGTON,BENNINGTON,VT,05257,42.923026,-73.245640,Electrical Equipment,335921,Lead compounds,N420,NO,Pounds,0,0,0,0,0,215,215,ADC TELECOMMUNICATIONS INC
2003,05301NTDCRONETE,VERMONT CIRCUITS INC,76 TECHNOLOGY DR,BRATTLEBORO,WINDHAM,VT,05301,42.875939,-72.562989,Computers and Electronic Products,334412,Lead,7439-92-1,YES,Pounds,0,0,0,0,0,6,6,NA
2003,05446CHMPLHERCU,CHAMPLAIN CABLE CORP,175 HERCULES DR,COLCHESTER,CHITTENDEN,VT,05446,44.510721,-73.175691,Electrical Equipment,335929,Lead compounds,N420,NO,Pounds,0,0,0,0,0,136,136,NA
2003,05451CPRNDTHOMP,BELDEN CDT INC ESSEX JUNCTION,26 THOMPSON DR,ESSEX JUNCTION,CHITTENDEN,VT,05452,44.498579,-73.037762,Electrical Equipment,335931,Lead compounds,N420,NO,Pounds,0,0,0,0,0,823,823,BELDEN CDT INC
2003,05452BMXXX1000R,GLOBALFOUNDRIES U.S. 2 LLC - VERMONT FACILITY,1000 RIVER ST,ESSEX JUNCTION,CHITTENDEN,VT,05452,44.478553,-73.102850,Computers and Electronic Products,334413,Lead compounds,N420,NO,Pounds,0,0.53,9.74,0,10.27,6245.6,6255.87,GLOBALFOUNDRIES US INC
2003,05485BSCSCMILLS,WESTROCK CONVERTING LLC,369 MILL ST,SHELDON SPRINGS,FRANKLIN,VT,05485,44.906475,-72.978457,Paper,322130,Lead,7439-92-1,YES,Pounds,0,2.83,0,0,2.83,1.29,4.12,SMURFIT WESTROCK U.S. HOLDING CO
2003,05491HRCLSPANTO,SIMMONDS PRECISION PRODUCTS INC.,100 PANTON RD,VERGENNES,ADDISON,VT,05491,44.163130,-73.262670,Transportation Equipment,336413,Lead,7439-92-1,YES,Pounds,0,0,0,0,0,78.48,78.48,RAYTHEON TECHNOLOGIES CORP
2003,05641SFTYK23WSE,SAFETY-KLEEN SYSTEMS BARRE (BVT),23 W SECOND ST,BARRE,WASHINGTON,VT,05641,44.206320,-72.515923,Hazardous Waste,562112,Lead,7439-92-1,YES,Pounds,0,0,0,0,0,0,0,CLEAN HARBORS INC
2003,05701GNRLL210CO,GE AEROSPACE PLANT 1,210 COLUMBIAN AVE,RUTLAND,RUTLAND,VT,05701,43.607180,-72.992093,Transportation Equipment,336412,Lead,7439-92-1,YES,Pounds,12,0.32,0,0,18.02,2108,2126.02,GENERAL ELECTRIC CO (GE CO)
2003,05733DWTYLPROSP,NEXUS CUSTOM ELECTRONICS INC,402 PROSPECT ST,BRANDON,RUTLAND,VT,05733,43.805059,-73.091539,Electrical Equipment,335999,Lead compounds,N420,NO,Pounds,0.27,1.11,0,0,1.38,135.42,136.8,NEXUS NANO ELECTRONICS INC
2003,05759GNRLL16WIN,GE AEROSPACE PLANT 2,270 WINDCREST RD,NORTH CLARENDON,RUTLAND,VT,05759,43.577095,-72.961317,Transportation Equipment,336412,Lead compounds,N420,NO,Pounds,0,18,0,0,18,511,529,GENERAL ELECTRIC CO (GE CO)
2003,05762STNLY3950R,STANLEY TOOLS PITTSFIELD,3950 RTE 100,PITTSFIELD,RUTLAND,VT,05762,43.772818,-72.812987,Fabricated Metals,332212,Lead,7439-92-1,YES,Pounds,0,88,0,0,88,0,88,STANLEY WORKS
2003,05860RLNSDRAILR,ETHAN ALLEN OPERATIONS INC ORLEANS DIV,27 RAILROAD AVE,ORLEANS,ORLEANS,VT,05860,44.807792,-72.204520,Furniture,337122,Lead compounds,N420,NO,Pounds,0,3.16,0,0,3.16,0,3.16,ETHAN ALLEN OPERATIONS INC
2003,05902THNLLMAINS,ETHAN ALLEN OPERATIONS INC BEECHER FALLS DIV,1280 VT RT 253,BEECHER FALLS,ESSEX,VT,05902,45.010741,-71.506558,Furniture,337122,Lead compounds,N420,NO,Pounds,0,11.63,0,0,11.63,0,11.63,ETHAN ALLEN OPERATIONS INC
2004,05101WHTNYINDUS,WHITNEY BLAKE CO,20 INDUSTRIAL DR,BELLOWS FALLS,WINDHAM,VT,05101,43.164891,-72.453573,Electrical Equipment,335931,Lead compounds,N420,NO,Pounds,0,0.18,0,0,0.18,0,0.18,NA
2004,05201TNSTRWESTR,TANSITOR ELECTRONICS INC,2813 W RD,BENNINGTON,BENNINGTON,VT,05201,42.881093,-73.247022,Computers and Electronic Products,334414,Lead compounds,N420,NO,Pounds,0,0,0,0,0,0,0,VISHAY INTERTECHNOLOGY INC
2004,05257KRNPT441WA,ADC OPTICAL SYSTEMS,441 WATER ST,NORTH BENNINGTON,BENNINGTON,VT,05257,42.923026,-73.245640,Electrical Equipment,335921,Lead compounds,N420,NO,Pounds,0,0,0,0,0,188,188,ADC TELECOMMUNICATIONS INC
2004,05301NTDCRONETE,VERMONT CIRCUITS INC,76 TECHNOLOGY DR,BRATTLEBORO,WINDHAM,VT,05301,42.875939,-72.562989,Computers and Electronic Products,334412,Lead,7439-92-1,YES,Pounds,0,0,0,0,0,3,3,NA
2004,05446CHMPLHERCU,CHAMPLAIN CABLE CORP,175 HERCULES DR,COLCHESTER,CHITTENDEN,VT,05446,44.510721,-73.175691,Electrical Equipment,335929,Lead compounds,N420,NO,Pounds,0,0,0,0,0,104,104,NA
2004,05451CPRNDTHOMP,BELDEN CDT INC ESSEX JUNCTION,26 THOMPSON DR,ESSEX JUNCTION,CHITTENDEN,VT,05452,44.498579,-73.037762,Electrical Equipment,335931,Lead compounds,N420,NO,Pounds,0,0,0,0,0,874.8,874.8,BELDEN CDT INC
2004,05452BMXXX1000R,GLOBALFOUNDRIES U.S. 2 LLC - VERMONT FACILITY,1000 RIVER ST,ESSEX JUNCTION,CHITTENDEN,VT,05452,44.478553,-73.102850,Computers and Electronic Products,334413,Lead compounds,N420,NO,Pounds,0,0.56,15.9,0,16.46,8199.6,8216.06,GLOBALFOUNDRIES US INC
2004,05485BSCSCMILLS,WESTROCK CONVERTING LLC,369 MILL ST,SHELDON SPRINGS,FRANKLIN,VT,05485,44.906475,-72.978457,Paper,322130,Lead,7439-92-1,YES,Pounds,0,2.33,0,0,2.33,0.18,2.51,SMURFIT WESTROCK U.S. HOLDING CO
2004,05491HRCLSPANTO,SIMMONDS PRECISION PRODUCTS INC.,100 PANTON RD,VERGENNES,ADDISON,VT,05491,44.163130,-73.262670,Transportation Equipment,336413,Lead,7439-92-1,YES,Pounds,0,0,0,0,0,58.08,58.08,RAYTHEON TECHNOLOGIES CORP
2004,05641SFTYK23WSE,SAFETY-KLEEN SYSTEMS BARRE (BVT),23 W SECOND ST,BARRE,WASHINGTON,VT,05641,44.206320,-72.515923,Hazardous Waste,562112,Lead,7439-92-1,YES,Pounds,0,0,0,0,0,0,0,CLEAN HARBORS INC
2004,05701GNRLL210CO,GE AEROSPACE PLANT 1,210 COLUMBIAN AVE,RUTLAND,RUTLAND,VT,05701,43.607180,-72.992093,Transportation Equipment,336412,Lead,7439-92-1,YES,Pounds,12,0,0,0,12,2615,2627,GENERAL ELECTRIC CO (GE CO)
2004,05733DWTYLPROSP,NEXUS CUSTOM ELECTRONICS INC,402 PROSPECT ST,BRANDON,RUTLAND,VT,05733,43.805059,-73.091539,Electrical Equipment,335999,Lead compounds,N420,NO,Pounds,0.23,1.85,0,0,2.08,90.65,92.73,NEXUS NANO ELECTRONICS INC
2004,05759GNRLL16WIN,GE AEROSPACE PLANT 2,270 WINDCREST RD,NORTH CLARENDON,RUTLAND,VT,05759,43.577095,-72.961317,Transportation Equipment,336412,Lead compounds,N420,NO,Pounds,0,16,0,0,16,425,441,GENERAL ELECTRIC CO (GE CO)
2004,05762STNLY3950R,STANLEY TOOLS PITTSFIELD,3950 RTE 100,PITTSFIELD,RUTLAND,VT,05762,43.772818,-72.812987,Fabricated Metals,332212,Lead,7439-92-1,YES,Pounds,0,0,0,0,0,0,0,STANLEY WORKS
2004,05860RLNSDRAILR,ETHAN ALLEN OPERATIONS INC ORLEANS DIV,27 RAILROAD AVE,ORLEANS,ORLEANS,VT,05860,44.807792,-72.204520,Furniture,337122,Lead compounds,N420,NO,Pounds,0,2.93,0,0,2.93,0,2.93,ETHAN ALLEN OPERATIONS INC
2004,05902THNLLMAINS,ETHAN ALLEN OPERATIONS INC BEECHER FALLS DIV,1280 VT RT 253,BEECHER FALLS,ESSEX,VT,05902,45.010741,-71.506558,Furniture,337122,Lead compounds,N420,NO,Pounds,0,3.66,0,0,3.66,0,3.66,ETHAN ALLEN OPERATIONS INC
2005,05101WHTNYINDUS,WHITNEY BLAKE CO,20 INDUSTRIAL DR,BELLOWS FALLS,WINDHAM,VT,05101,43.164891,-72.453573,Electrical Equipment,335931,Lead compounds,N420,NO,Pounds,0,0.12,0,0,0.12,0,0.12,NA
2005,05201TNSTRWESTR,TANSITOR ELECTRONICS INC,2813 W RD,BENNINGTON,BENNINGTON,VT,05201,42.881093,-73.247022,Computers and Electronic Products,334414,Lead compounds,N420,NO,Pounds,0,0,0,0,0,0,0,VISHAY INTERTECHNOLOGY INC
2005,05257KRNPT441WA,ADC OPTICAL SYSTEMS,441 WATER ST,NORTH BENNINGTON,BENNINGTON,VT,05257,42.923026,-73.245640,Electrical Equipment,335921,Lead compounds,N420,NO,Pounds,0,0,0,0,0,45.9,45.9,ADC TELECOMMUNICATIONS INC
2005,05301NTDCRONETE,VERMONT CIRCUITS INC,76 TECHNOLOGY DR,BRATTLEBORO,WINDHAM,VT,05301,42.875939,-72.562989,Computers and Electronic Products,334412,Lead,7439-92-1,YES,Pounds,0,0,0,0,0,2.25,2.25,NA
2005,05446CHMPLHERCU,CHAMPLAIN CABLE CORP,175 HERCULES DR,COLCHESTER,CHITTENDEN,VT,05446,44.510721,-73.175691,Electrical Equipment,335929,Lead compounds,N420,NO,Pounds,0,0,0,0,0,106,106,NA
2005,05451CPRNDTHOMP,BELDEN CDT INC ESSEX JUNCTION,26 THOMPSON DR,ESSEX JUNCTION,CHITTENDEN,VT,05452,44.498579,-73.037762,Primary Metals,331422,Lead compounds,N420,NO,Pounds,0,0,0,0,0,59.33,59.33,BELDEN CDT INC
2005,05452BMXXX1000R,GLOBALFOUNDRIES U.S. 2 LLC - VERMONT FACILITY,1000 RIVER ST,ESSEX JUNCTION,CHITTENDEN,VT,05452,44.478553,-73.102850,Computers and Electronic Products,334413,Lead,7439-92-1,YES,Pounds,0,0.49,22,0,22.49,1946.6,1969.09,GLOBALFOUNDRIES US INC
2005,05485BSCSCMILLS,WESTROCK CONVERTING LLC,369 MILL ST,SHELDON SPRINGS,FRANKLIN,VT,05485,44.906475,-72.978457,Paper,322130,Lead,7439-92-1,YES,Pounds,0,2.59,0,0,2.59,2.2,4.79,SMURFIT WESTROCK U.S. HOLDING CO
2005,05491HRCLSPANTO,SIMMONDS PRECISION PRODUCTS INC.,100 PANTON RD,VERGENNES,ADDISON,VT,05491,44.163130,-73.262670,Transportation Equipment,336413,Lead,7439-92-1,YES,Pounds,0,0,0,0,0,78.11,78.11,RAYTHEON TECHNOLOGIES CORP
2005,05641SFTYK23WSE,SAFETY-KLEEN SYSTEMS BARRE (BVT),23 W SECOND ST,BARRE,WASHINGTON,VT,05641,44.206320,-72.515923,Hazardous Waste,562112,Lead,7439-92-1,YES,Pounds,0,0,0,0,0,0,0,CLEAN HARBORS INC
2005,05701GNRLL210CO,GE AEROSPACE PLANT 1,210 COLUMBIAN AVE,RUTLAND,RUTLAND,VT,05701,43.607180,-72.992093,Transportation Equipment,336412,Lead,7439-92-1,YES,Pounds,12,0.3,0,0,12.3,3004,3016.3,GENERAL ELECTRIC CO (GE CO)
2005,05733DWTYLPROSP,NEXUS CUSTOM ELECTRONICS INC,402 PROSPECT ST,BRANDON,RUTLAND,VT,05733,43.805059,-73.091539,Electrical Equipment,335999,Lead compounds,N420,NO,Pounds,0.25,1.11,0,0,1.36,121.18,122.54,NEXUS NANO ELECTRONICS INC
2005,05759GNRLL16WIN,GE AEROSPACE PLANT 2,270 WINDCREST RD,NORTH CLARENDON,RUTLAND,VT,05759,43.577095,-72.961317,Transportation Equipment,336412,Lead compounds,N420,NO,Pounds,0,16,0,0,16,1568,1584,GENERAL ELECTRIC CO (GE CO)
2005,05860RLNSDRAILR,ETHAN ALLEN OPERATIONS INC ORLEANS DIV,27 RAILROAD AVE,ORLEANS,ORLEANS,VT,05860,44.807792,-72.204520,Furniture,337122,Lead compounds,N420,NO,Pounds,0,3.2,0,0,3.2,0,3.2,ETHAN ALLEN OPERATIONS INC
2005,05902THNLLMAINS,ETHAN ALLEN OPERATIONS INC BEECHER FALLS DIV,1280 VT RT 253,BEECHER FALLS,ESSEX,VT,05902,45.010741,-71.506558,Furniture,337122,Lead compounds,N420,NO,Pounds,0,4.995,0,0,4.995,0,4.995,ETHAN ALLEN OPERATIONS INC
2005,05904GRGPCRIVER,DIRIGO PAPER CO/DALTON HYDRO LLC,35 RIVERSIDE AVE,GILMAN,ESSEX,VT,05904,44.411751,-71.721272,Paper,322121,Lead compounds,N420,NO,Pounds,0,26,7.8,0,33.8,0,33.8,NA
2006,05101WHTNYINDUS,WHITNEY BLAKE CO,20 INDUSTRIAL DR,BELLOWS FALLS,WINDHAM,VT,05101,43.164891,-72.453573,Electrical Equipment,335931,Lead compounds,N420,NO,Pounds,0,0.1,0,0,0.1,0,0.1,NA
2006,05201TNSTRWESTR,TANSITOR ELECTRONICS INC,2813 W RD,BENNINGTON,BENNINGTON,VT,05201,42.881093,-73.247022,Computers and Electronic Products,334414,Lead compounds,N420,NO,Pounds,0,0,0,0,0,0,0,VISHAY INTERTECHNOLOGY INC
2006,05257KRNPT441WA,ADC OPTICAL SYSTEMS,441 WATER ST,NORTH BENNINGTON,BENNINGTON,VT,05257,42.923026,-73.245640,Electrical Equipment,335921,Lead compounds,N420,NO,Pounds,0,0,0,0,0,74,74,ADC TELECOMMUNICATIONS INC
2006,05301NTDCRONETE,VERMONT CIRCUITS INC,76 TECHNOLOGY DR,BRATTLEBORO,WINDHAM,VT,05301,42.875939,-72.562989,Computers and Electronic Products,334412,Lead,7439-92-1,YES,Pounds,0,0,0,0,0,11,11,NA
2006,05446CHMPLHERCU,CHAMPLAIN CABLE CORP,175 HERCULES DR,COLCHESTER,CHITTENDEN,VT,05446,44.510721,-73.175691,Electrical Equipment,335929,Lead compounds,N420,NO,Pounds,0,0,0,0,0,13,13,NA
2006,05485BSCSCMILLS,WESTROCK CONVERTING LLC,369 MILL ST,SHELDON SPRINGS,FRANKLIN,VT,05485,44.906475,-72.978457,Paper,322130,Lead,7439-92-1,YES,Pounds,0,1.24,0,0,1.24,1.86,3.1,SMURFIT WESTROCK U.S. HOLDING CO
2006,05491HRCLSPANTO,SIMMONDS PRECISION PRODUCTS INC.,100 PANTON RD,VERGENNES,ADDISON,VT,05491,44.163130,-73.262670,Transportation Equipment,336413,Lead,7439-92-1,YES,Pounds,0,0,0,0,0,104.03,104.03,RAYTHEON TECHNOLOGIES CORP
2006,05641SFTYK23WSE,SAFETY-KLEEN SYSTEMS BARRE (BVT),23 W SECOND ST,BARRE,WASHINGTON,VT,05641,44.206320,-72.515923,Hazardous Waste,562112,Lead,7439-92-1,YES,Pounds,0,0,0,0,0,0,0,CLEAN HARBORS INC
2006,05701GNRLL210CO,GE AEROSPACE PLANT 1,210 COLUMBIAN AVE,RUTLAND,RUTLAND,VT,05701,43.607180,-72.992093,Transportation Equipment,336412,Lead,7439-92-1,YES,Pounds,12,1,0,0,13,2401,2414,GENERAL ELECTRIC CO (GE CO)
2006,05733DWTYLPROSP,NEXUS CUSTOM ELECTRONICS INC,402 PROSPECT ST,BRANDON,RUTLAND,VT,05733,43.805059,-73.091539,Electrical Equipment,335999,Lead compounds,N420,NO,Pounds,0.25,1.36,0,0,1.61,244.94,246.55,NEXUS NANO ELECTRONICS INC
2006,05759GNRLL16WIN,GE AEROSPACE PLANT 2,270 WINDCREST RD,NORTH CLARENDON,RUTLAND,VT,05759,43.577095,-72.961317,Transportation Equipment,336412,Lead compounds,N420,NO,Pounds,0,18,0,0,18,366,384,GENERAL ELECTRIC CO (GE CO)
2006,05860RLNSDRAILR,ETHAN ALLEN OPERATIONS INC ORLEANS DIV,27 RAILROAD AVE,ORLEANS,ORLEANS,VT,05860,44.807792,-72.204520,Furniture,337122,Lead compounds,N420,NO,Pounds,0,3.06,0,0,3.06,0,3.06,ETHAN ALLEN OPERATIONS INC
2006,05902THNLLMAINS,ETHAN ALLEN OPERATIONS INC BEECHER FALLS DIV,1280 VT RT 253,BEECHER FALLS,ESSEX,VT,05902,45.010741,-71.506558,Furniture,337122,Lead compounds,N420,NO,Pounds,0,3.7395,0,0,3.7395,0,3.7395,ETHAN ALLEN OPERATIONS INC
2006,05904GRGPCRIVER,DIRIGO PAPER CO/DALTON HYDRO LLC,35 RIVERSIDE AVE,GILMAN,ESSEX,VT,05904,44.411751,-71.721272,Paper,322121,Lead compounds,N420,NO,Pounds,0,26,7,0,33,0,33,NA
2007,05101WHTNYINDUS,WHITNEY BLAKE CO,20 INDUSTRIAL DR,BELLOWS FALLS,WINDHAM,VT,05101,43.164891,-72.453573,Electrical Equipment,335931,Lead compounds,N420,NO,Pounds,0,0.13,0,0,0.13,0,0.13,NA
2007,05201TNSTRWESTR,TANSITOR ELECTRONICS INC,2813 W RD,BENNINGTON,BENNINGTON,VT,05201,42.881093,-73.247022,Computers and Electronic Products,334414,Lead compounds,N420,NO,Pounds,0,0,0,0,0,0,0,VISHAY INTERTECHNOLOGY INC
2007,05257KRNPT441WA,ADC OPTICAL SYSTEMS,441 WATER ST,NORTH BENNINGTON,BENNINGTON,VT,05257,42.923026,-73.245640,Electrical Equipment,335921,Lead compounds,N420,NO,Pounds,0,0,0,0,0,34,34,ADC TELECOMMUNICATIONS INC
2007,05301NTDCRONETE,VERMONT CIRCUITS INC,76 TECHNOLOGY DR,BRATTLEBORO,WINDHAM,VT,05301,42.875939,-72.562989,Computers and Electronic Products,334412,Lead,7439-92-1,YES,Pounds,0,0,0,0,0,5,5,NA
2007,05401GLBLP2FLYN,GLOBAL PETROLEUM SERVICES (DBA VERMONT),2 FLYNN AVE,BURLINGTON,CHITTENDEN,VT,05401,44.456139,-73.224656,Petroleum Bulk Terminals,424710,Lead compounds,N420,NO,Pounds,0,0,0,0,0,3.06,3.06,GLOBAL COS LLC
2007,05403CPRCN6GREE,COOPER CONTROLS PCI LIGHTING,6 GREEN TREE DR,SOUTH BURLINGTON,CHITTENDEN,VT,05403,44.456528,-73.139938,Electrical Equipment,335314,Lead compounds,N420,NO,Pounds,0.04,4,0,0,320.04,0,320.04,COOPER US INC
2007,05446CHMPLHERCU,CHAMPLAIN CABLE CORP,175 HERCULES DR,COLCHESTER,CHITTENDEN,VT,05446,44.510721,-73.175691,Electrical Equipment,335929,Lead compounds,N420,NO,Pounds,0,0,0,0,0,3,3,NA
2007,05446SRMYC789VE,U.S. ARMY NATIONAL GUARD CAMP JOHNSON (RANGE),789 VERMONT NATIONAL GUARD RD,COLCHESTER,CHITTENDEN,VT,05446,44.501084,-73.162541,Other,928110,Lead,7439-92-1,YES,Pounds,0,0,0,0,112,0,112,US DEPARTMENT OF DEFENSE
2007,05465SRMYTETHAN,U.S. ARMY NATIONAL GUARD ETHAN ALLEN FIRING RANGE,ETHAN ALLEN FIRING RANGE,JERICHO,CHITTENDEN,VT,05465,44.480478,-72.967643,Other,928110,Lead,7439-92-1,YES,Pounds,0,0,0,0,6638,0,6638,US DEPARTMENT OF DEFENSE
2007,05478VRDYB75SWA,ENERGIZER BATTERY MANUFACTURING INC,75 SWANTON RD,SAINT ALBANS,FRANKLIN,VT,05478,44.829890,-73.079730,Electrical Equipment,335912,Lead compounds,N420,NO,Pounds,0,0,0,0,0,3.1356,3.1356,ENERGIZER HOLDINGS INC
2007,05485BSCSCMILLS,WESTROCK CONVERTING LLC,369 MILL ST,SHELDON SPRINGS,FRANKLIN,VT,05485,44.906475,-72.978457,Paper,322130,Lead,7439-92-1,YES,Pounds,0,0.78,0,0,0.78,2.75,3.53,SMURFIT WESTROCK U.S. HOLDING CO
2007,05491HRCLSPANTO,SIMMONDS PRECISION PRODUCTS INC.,100 PANTON RD,VERGENNES,ADDISON,VT,05491,44.163130,-73.262670,Transportation Equipment,336413,Lead,7439-92-1,YES,Pounds,0,0,0,0,0,107,107,RAYTHEON TECHNOLOGIES CORP
2007,05701GNRLL210CO,GE AEROSPACE PLANT 1,210 COLUMBIAN AVE,RUTLAND,RUTLAND,VT,05701,43.607180,-72.992093,Transportation Equipment,336412,Lead,7439-92-1,YES,Pounds,12,0.1,0,0,12.1,2191,2203.1,GENERAL ELECTRIC CO (GE CO)
2007,05759GNRLL16WIN,GE AEROSPACE PLANT 2,270 WINDCREST RD,NORTH CLARENDON,RUTLAND,VT,05759,43.577095,-72.961317,Transportation Equipment,336412,Lead compounds,N420,NO,Pounds,0,16,0,0,16,243.58,259.58,GENERAL ELECTRIC CO (GE CO)
2007,05860RLNSDRAILR,ETHAN ALLEN OPERATIONS INC ORLEANS DIV,27 RAILROAD AVE,ORLEANS,ORLEANS,VT,05860,44.807792,-72.204520,Furniture,337122,Lead compounds,N420,NO,Pounds,0,3.49,0,0,3.49,0,3.49,ETHAN ALLEN OPERATIONS INC
2007,05902THNLLMAINS,ETHAN ALLEN OPERATIONS INC BEECHER FALLS DIV,1280 VT RT 253,BEECHER FALLS,ESSEX,VT,05902,45.010741,-71.506558,Furniture,337122,Lead compounds,N420,NO,Pounds,0,3.862,0,0,3.862,0,3.862,ETHAN ALLEN OPERATIONS INC
2008,05101WHTNYINDUS,WHITNEY BLAKE CO,20 INDUSTRIAL DR,BELLOWS FALLS,WINDHAM,VT,05101,43.164891,-72.453573,Electrical Equipment,335931,Lead compounds,N420,NO,Pounds,0,0.13,0,0,0.13,0,0.13,NA
2008,05201TNSTRWESTR,TANSITOR ELECTRONICS INC,2813 W RD,BENNINGTON,BENNINGTON,VT,05201,42.881093,-73.247022,Computers and Electronic Products,334414,Lead compounds,N420,NO,Pounds,0,0,0,0,0,0,0,VISHAY INTERTECHNOLOGY INC
2008,05301NTDCRONETE,VERMONT CIRCUITS INC,76 TECHNOLOGY DR,BRATTLEBORO,WINDHAM,VT,05301,42.875939,-72.562989,Computers and Electronic Products,334412,Lead,7439-92-1,YES,Pounds,0,0,0,0,0,5,5,NA
2008,05403CPRCN6GREE,COOPER CONTROLS PCI LIGHTING,6 GREEN TREE DR,SOUTH BURLINGTON,CHITTENDEN,VT,05403,44.456528,-73.139938,Electrical Equipment,335314,Lead compounds,N420,NO,Pounds,0.04,4,0,0,361.04,0,361.04,COOPER US INC
2008,05446CHMPLHERCU,CHAMPLAIN CABLE CORP,175 HERCULES DR,COLCHESTER,CHITTENDEN,VT,05446,44.510721,-73.175691,Electrical Equipment,335929,Lead compounds,N420,NO,Pounds,0,0,0,0,0,0,0,NA
2008,05446SRMYC789VE,U.S. ARMY NATIONAL GUARD CAMP JOHNSON (RANGE),789 VERMONT NATIONAL GUARD RD,COLCHESTER,CHITTENDEN,VT,05446,44.501084,-73.162541,Other,928110,Lead,7439-92-1,YES,Pounds,0,0,0,0,1605,523,2128,US DEPARTMENT OF DEFENSE
2008,05465SRMYTETHAN,U.S. ARMY NATIONAL GUARD ETHAN ALLEN FIRING RANGE,ETHAN ALLEN FIRING RANGE,JERICHO,CHITTENDEN,VT,05465,44.480478,-72.967643,Other,928110,Lead,7439-92-1,YES,Pounds,0,0,0,0,14131,0,14131,US DEPARTMENT OF DEFENSE
2008,05478VRDYB75SWA,ENERGIZER BATTERY MANUFACTURING INC,75 SWANTON RD,SAINT ALBANS,FRANKLIN,VT,05478,44.829890,-73.079730,Electrical Equipment,335912,Lead compounds,N420,NO,Pounds,0,0,0,0,0,21.3996,21.3996,ENERGIZER HOLDINGS INC
2008,05485BSCSCMILLS,WESTROCK CONVERTING LLC,369 MILL ST,SHELDON SPRINGS,FRANKLIN,VT,05485,44.906475,-72.978457,Paper,322130,Lead,7439-92-1,YES,Pounds,0,0.73,0,0,0.73,3.57,4.3,SMURFIT WESTROCK U.S. HOLDING CO
2008,05491HRCLSPANTO,SIMMONDS PRECISION PRODUCTS INC.,100 PANTON RD,VERGENNES,ADDISON,VT,05491,44.163130,-73.262670,Transportation Equipment,336413,Lead,7439-92-1,YES,Pounds,0,0,0,0,0,0,0,RAYTHEON TECHNOLOGIES CORP
2008,05641SFTYK23WSE,SAFETY-KLEEN SYSTEMS BARRE (BVT),23 W SECOND ST,BARRE,WASHINGTON,VT,05641,44.206320,-72.515923,Hazardous Waste,562112,Lead,7439-92-1,YES,Pounds,0,0,0,0,0,0,0,CLEAN HARBORS INC
2008,05701GNRLL210CO,GE AEROSPACE PLANT 1,210 COLUMBIAN AVE,RUTLAND,RUTLAND,VT,05701,43.607180,-72.992093,Transportation Equipment,336412,Lead,7439-92-1,YES,Pounds,12,0.2,0,0,12.2,6780,6792.2,GENERAL ELECTRIC CO (GE CO)
2008,05759GNRLL16WIN,GE AEROSPACE PLANT 2,270 WINDCREST RD,NORTH CLARENDON,RUTLAND,VT,05759,43.577095,-72.961317,Transportation Equipment,336412,Lead compounds,N420,NO,Pounds,0.1,0.3,0,0,0.4,236.4,236.8,GENERAL ELECTRIC CO (GE CO)
2008,05860RLNSDRAILR,ETHAN ALLEN OPERATIONS INC ORLEANS DIV,27 RAILROAD AVE,ORLEANS,ORLEANS,VT,05860,44.807792,-72.204520,Furniture,337122,Lead compounds,N420,NO,Pounds,0,3.42,0,0,3.42,0,3.42,ETHAN ALLEN OPERATIONS INC
2008,05902THNLLMAINS,ETHAN ALLEN OPERATIONS INC BEECHER FALLS DIV,1280 VT RT 253,BEECHER FALLS,ESSEX,VT,05902,45.010741,-71.506558,Furniture,337122,Lead compounds,N420,NO,Pounds,0,4.358,0,0,4.358,0,4.358,ETHAN ALLEN OPERATIONS INC
2009,0506WVRMNT1131B,VERMONT CASTINGS GROUP - FOUNDRY DIVISION,1131 BEANVILLE ROAD,RANDOLPH,ORANGE,VT,05060,43.900354,-72.655720,Primary Metals,331511,Lead compounds,N420,NO,Pounds,0,0.58,0,0,0.58,0,0.58,MONESSEN HEARTH SYSTEMS CO
2009,05101WHTNYINDUS,WHITNEY BLAKE CO,20 INDUSTRIAL DR,BELLOWS FALLS,WINDHAM,VT,05101,43.164891,-72.453573,Electrical Equipment,335931,Lead compounds,N420,NO,Pounds,0,0.07,0,0,0.07,0,0.07,NA
2009,05201TNSTRWESTR,TANSITOR ELECTRONICS INC,2813 W RD,BENNINGTON,BENNINGTON,VT,05201,42.881093,-73.247022,Computers and Electronic Products,334414,Lead compounds,N420,NO,Pounds,0,0,0,0,0,0,0,VISHAY INTERTECHNOLOGY INC
2009,05301NTDCRONETE,VERMONT CIRCUITS INC,76 TECHNOLOGY DR,BRATTLEBORO,WINDHAM,VT,05301,42.875939,-72.562989,Computers and Electronic Products,334412,Lead,7439-92-1,YES,Pounds,0,0,0,0,0,5,5,NA
2009,05446SRMYC789VE,U.S. ARMY NATIONAL GUARD CAMP JOHNSON (RANGE),789 VERMONT NATIONAL GUARD RD,COLCHESTER,CHITTENDEN,VT,05446,44.501084,-73.162541,Other,928110,Lead,7439-92-1,YES,Pounds,0,0,0,0,1792.2,0,1792.2,US DEPARTMENT OF DEFENSE
2009,05465SRMYTETHAN,U.S. ARMY NATIONAL GUARD ETHAN ALLEN FIRING RANGE,ETHAN ALLEN FIRING RANGE,JERICHO,CHITTENDEN,VT,05465,44.480478,-72.967643,Other,928110,Lead,7439-92-1,YES,Pounds,0,0,0,0,12400.4,881.85,13282.25,US DEPARTMENT OF DEFENSE
2009,05478VRDYB75SWA,ENERGIZER BATTERY MANUFACTURING INC,75 SWANTON RD,SAINT ALBANS,FRANKLIN,VT,05478,44.829890,-73.079730,Electrical Equipment,335912,Lead compounds,N420,NO,Pounds,0,0,0,0,0,21.637,21.637,ENERGIZER HOLDINGS INC
2009,0547WPKNDS326CA,PIKE INDUSTRIES INC. - NEW HAVEN (C600 & P736),326 CAMPGROUND RD,NEW HAVEN,ADDISON,VT,05472,44.085888,-73.181918,Petroleum,324121,Lead,7439-92-1,YES,Pounds,0,0,0,0,0,0.1,0.1,CRH AMERICAS INC
2009,05485BSCSCMILLS,WESTROCK CONVERTING LLC,369 MILL ST,SHELDON SPRINGS,FRANKLIN,VT,05485,44.906475,-72.978457,Paper,322130,Lead,7439-92-1,YES,Pounds,0,0.52,0,0,0.52,2.55,3.07,SMURFIT WESTROCK U.S. HOLDING CO
2009,05491HRCLSPANTO,SIMMONDS PRECISION PRODUCTS INC.,100 PANTON RD,VERGENNES,ADDISON,VT,05491,44.163130,-73.262670,Transportation Equipment,336413,Lead,7439-92-1,YES,Pounds,0,0,0,0,0,0,0,RAYTHEON TECHNOLOGIES CORP
2009,05641SFTYK23WSE,SAFETY-KLEEN SYSTEMS BARRE (BVT),23 W SECOND ST,BARRE,WASHINGTON,VT,05641,44.206320,-72.515923,Hazardous Waste,562112,Lead,7439-92-1,YES,Pounds,0,0,0,0,0,0,0,CLEAN HARBORS INC
2009,0573WPKNDS2275R,PIKE INDUSTRIES INC - DANBY (C613 & P733),2275 ROUTE 7,DANBY,RUTLAND,VT,05739,43.395709,-72.999015,Petroleum,324121,Lead,7439-92-1,YES,Pounds,0,0.1,0,0,0.1,0,0.1,OLDCASTLE INC
2009,05759GNRLL16WIN,GE AEROSPACE PLANT 2,270 WINDCREST RD,NORTH CLARENDON,RUTLAND,VT,05759,43.577095,-72.961317,Transportation Equipment,336412,Lead compounds,N420,NO,Pounds,0.1,0.3,0,0,0.4,253.6,254,GENERAL ELECTRIC CO (GE CO)
2009,0581WPKNDS2884D,PIKE INDUSTRIES INC. - WATERFORD VT (P702 & C603),2884 DUCK POND RD,SAINT JOHNSBURY,CALEDONIA,VT,05819,44.375664,-71.952071,Petroleum,324121,Lead,7439-92-1,YES,Pounds,0,0.1,0,0,0.1,0.1,0.2,CRH AMERICAS INC
2009,05860RLNSDRAILR,ETHAN ALLEN OPERATIONS INC ORLEANS DIV,27 RAILROAD AVE,ORLEANS,ORLEANS,VT,05860,44.807792,-72.204520,Furniture,337122,Lead compounds,N420,NO,Pounds,0,2.969,0,0,2.969,0,2.969,ETHAN ALLEN OPERATIONS INC
2009,05902THNLLMAINS,ETHAN ALLEN OPERATIONS INC BEECHER FALLS DIV,1280 VT RT 253,BEECHER FALLS,ESSEX,VT,05902,45.010741,-71.506558,Furniture,337122,Lead compounds,N420,NO,Pounds,0,3.576,0,0,3.576,0,3.576,ETHAN ALLEN OPERATIONS INC
2010,0506WVRMNT1131B,VERMONT CASTINGS GROUP - FOUNDRY DIVISION,1131 BEANVILLE ROAD,RANDOLPH,ORANGE,VT,05060,43.900354,-72.655720,Primary Metals,331511,Lead compounds,N420,NO,Pounds,0,0.91,0,0,0.91,0,0.91,MONESSEN HEARTH SYSTEMS CO
2010,05101WHTNYINDUS,WHITNEY BLAKE CO,20 INDUSTRIAL DR,BELLOWS FALLS,WINDHAM,VT,05101,43.164891,-72.453573,Electrical Equipment,335931,Lead compounds,N420,NO,Pounds,0,0.08,0,0,0.08,0,0.08,NA
2010,05201TNSTRWESTR,TANSITOR ELECTRONICS INC,2813 W RD,BENNINGTON,BENNINGTON,VT,05201,42.881093,-73.247022,Computers and Electronic Products,334414,Lead compounds,N420,NO,Pounds,0,0,0,0,0,0,0,VISHAY INTERTECHNOLOGY INC
2010,05301NTDCRONETE,VERMONT CIRCUITS INC,76 TECHNOLOGY DR,BRATTLEBORO,WINDHAM,VT,05301,42.875939,-72.562989,Computers and Electronic Products,334412,Lead,7439-92-1,YES,Pounds,0,0,0,0,0,7,7,NA
2010,05446SRMYC789VE,U.S. ARMY NATIONAL GUARD CAMP JOHNSON (RANGE),789 VERMONT NATIONAL GUARD RD,COLCHESTER,CHITTENDEN,VT,05446,44.501084,-73.162541,Other,928110,Lead,7439-92-1,YES,Pounds,0,0,0,0,238.3,0,238.3,US DEPARTMENT OF DEFENSE
2010,05465SRMYTETHAN,U.S. ARMY NATIONAL GUARD ETHAN ALLEN FIRING RANGE,ETHAN ALLEN FIRING RANGE,JERICHO,CHITTENDEN,VT,05465,44.480478,-72.967643,Other,928110,Lead,7439-92-1,YES,Pounds,0,0,0,0,10866.3,0,10866.3,US DEPARTMENT OF DEFENSE
2010,05478VRDYB75SWA,ENERGIZER BATTERY MANUFACTURING INC,75 SWANTON RD,SAINT ALBANS,FRANKLIN,VT,05478,44.829890,-73.079730,Electrical Equipment,335912,Lead compounds,N420,NO,Pounds,0,0,0,0,0,15.6366,15.6366,ENERGIZER HOLDINGS INC
2010,0547WPKNDS326CA,PIKE INDUSTRIES INC. - NEW HAVEN (C600 & P736),326 CAMPGROUND RD,NEW HAVEN,ADDISON,VT,05472,44.085888,-73.181918,Petroleum,324121,Lead,7439-92-1,YES,Pounds,0,0,0,0,0,0,0,CRH AMERICAS INC
2010,05485BSCSCMILLS,WESTROCK CONVERTING LLC,369 MILL ST,SHELDON SPRINGS,FRANKLIN,VT,05485,44.906475,-72.978457,Paper,322130,Lead,7439-92-1,YES,Pounds,0,0.36,0,0,0.36,17.68,18.04,SMURFIT WESTROCK U.S. HOLDING CO
2010,05491HRCLSPANTO,SIMMONDS PRECISION PRODUCTS INC.,100 PANTON RD,VERGENNES,ADDISON,VT,05491,44.163130,-73.262670,Transportation Equipment,336413,Lead,7439-92-1,YES,Pounds,0,0,0,0,0,0,0,RAYTHEON TECHNOLOGIES CORP
2010,0549WPKNDS346AV,PIKE INDUSTRIES INC. - WILLISTON VT (P800),346 AVENUE A,WILLISTON,CHITTENDEN,VT,05495,44.462638,-73.132244,Petroleum,324121,Lead,7439-92-1,YES,Pounds,0,0.1,0,0,0.1,0.2,0.3,CRH AMERICAS INC
2010,05641SFTYK23WSE,SAFETY-KLEEN SYSTEMS BARRE (BVT),23 W SECOND ST,BARRE,WASHINGTON,VT,05641,44.206320,-72.515923,Hazardous Waste,562112,Lead,7439-92-1,YES,Pounds,0.025262,0.0849344,0,0,0.1101964,0,0.1101964,CLEAN HARBORS INC
2010,05701GNRLL210CO,GE AEROSPACE PLANT 1,210 COLUMBIAN AVE,RUTLAND,RUTLAND,VT,05701,43.607180,-72.992093,Transportation Equipment,336412,Lead,7439-92-1,YES,Pounds,0,0,0,0,0,0,0,GENERAL ELECTRIC CO (GE CO)
2010,05759GNRLL16WIN,GE AEROSPACE PLANT 2,270 WINDCREST RD,NORTH CLARENDON,RUTLAND,VT,05759,43.577095,-72.961317,Transportation Equipment,336412,Lead compounds,N420,NO,Pounds,0,0,0,0,0,0,0,GENERAL ELECTRIC CO (GE CO)
2010,0581WPKNDS2884D,PIKE INDUSTRIES INC. - WATERFORD VT (P702 & C603),2884 DUCK POND RD,SAINT JOHNSBURY,CALEDONIA,VT,05819,44.375664,-71.952071,Petroleum,324121,Lead,7439-92-1,YES,Pounds,0,0.2,0,0,0.3,0,0.3,CRH AMERICAS INC
2010,05860RLNSDRAILR,ETHAN ALLEN OPERATIONS INC ORLEANS DIV,27 RAILROAD AVE,ORLEANS,ORLEANS,VT,05860,44.807792,-72.204520,Furniture,337122,Lead compounds,N420,NO,Pounds,0,3.398,0,0,3.398,0,3.398,ETHAN ALLEN OPERATIONS INC
2010,05902THNLLMAINS,ETHAN ALLEN OPERATIONS INC BEECHER FALLS DIV,1280 VT RT 253,BEECHER FALLS,ESSEX,VT,05902,45.010741,-71.506558,Furniture,337122,Lead compounds,N420,NO,Pounds,0,8.262,0,0,8.262,0,8.262,ETHAN ALLEN OPERATIONS INC
2011,0506WVRMNT1131B,VERMONT CASTINGS GROUP - FOUNDRY DIVISION,1131 BEANVILLE ROAD,RANDOLPH,ORANGE,VT,05060,43.900354,-72.655720,Primary Metals,331511,Lead compounds,N420,NO,Pounds,0,0.96,0,0,0.96,0,0.96,MONESSEN HEARTH SYSTEMS CO
2011,05101WHTNYINDUS,WHITNEY BLAKE CO,20 INDUSTRIAL DR,BELLOWS FALLS,WINDHAM,VT,05101,43.164891,-72.453573,Electrical Equipment,335931,Lead compounds,N420,NO,Pounds,0,0.09,0,0,0.09,0,0.09,NA
2011,05201TNSTRWESTR,TANSITOR ELECTRONICS INC,2813 W RD,BENNINGTON,BENNINGTON,VT,05201,42.881093,-73.247022,Computers and Electronic Products,334414,Lead compounds,N420,NO,Pounds,0,0,0,0,0,0,0,VISHAY INTERTECHNOLOGY INC
2011,05301FLFLXPUTNE,GARWARE FULFLEX USA INC.,32 JUSTIN HOLDEN DR,BRATTLEBORO,WINDHAM,VT,05301,42.885623,-72.555569,Plastics and Rubber,326299,Lead compounds,N420,NO,Pounds,0,0,0,0,0,164,164,NA
2011,05301NTDCRONETE,VERMONT CIRCUITS INC,76 TECHNOLOGY DR,BRATTLEBORO,WINDHAM,VT,05301,42.875939,-72.562989,Computers and Electronic Products,334412,Lead,7439-92-1,YES,Pounds,0,0,0,0,0,4,4,NA
2011,05465SRMYTETHAN,U.S. ARMY NATIONAL GUARD ETHAN ALLEN FIRING RANGE,ETHAN ALLEN FIRING RANGE,JERICHO,CHITTENDEN,VT,05465,44.480478,-72.967643,Other,928110,Lead,7439-92-1,YES,Pounds,0,0,0,0,9188.9,0,9188.9,US DEPARTMENT OF DEFENSE
2011,05478VRDYB75SWA,ENERGIZER BATTERY MANUFACTURING INC,75 SWANTON RD,SAINT ALBANS,FRANKLIN,VT,05478,44.829890,-73.079730,Electrical Equipment,335912,Lead compounds,N420,NO,Pounds,0,0,0,0,0,9.1693,9.1693,ENERGIZER HOLDINGS INC
2011,0547WPKNDS326CA,PIKE INDUSTRIES INC. - NEW HAVEN (C600 & P736),326 CAMPGROUND RD,NEW HAVEN,ADDISON,VT,05472,44.085888,-73.181918,Petroleum,324121,Lead,7439-92-1,YES,Pounds,0,0,0,0,0,0,0,CRH AMERICAS INC
2011,05485BSCSCMILLS,WESTROCK CONVERTING LLC,369 MILL ST,SHELDON SPRINGS,FRANKLIN,VT,05485,44.906475,-72.978457,Paper,322130,Lead,7439-92-1,YES,Pounds,0,0.37,0,0,0.37,2.86,3.23,SMURFIT WESTROCK U.S. HOLDING CO
2011,05491HRCLSPANTO,SIMMONDS PRECISION PRODUCTS INC.,100 PANTON RD,VERGENNES,ADDISON,VT,05491,44.163130,-73.262670,Transportation Equipment,336413,Lead,7439-92-1,YES,Pounds,0,3.9,0,0,3.9,122,125.9,RAYTHEON TECHNOLOGIES CORP
2011,0549WPKNDS346AV,PIKE INDUSTRIES INC. - WILLISTON VT (P800),346 AVENUE A,WILLISTON,CHITTENDEN,VT,05495,44.462638,-73.132244,Petroleum,324121,Lead,7439-92-1,YES,Pounds,0,0.1,0,0,0.1,0.1,0.2,CRH AMERICAS INC
2011,05641SFTYK23WSE,SAFETY-KLEEN SYSTEMS BARRE (BVT),23 W SECOND ST,BARRE,WASHINGTON,VT,05641,44.206320,-72.515923,Hazardous Waste,562112,Lead,7439-92-1,YES,Pounds,0,0,0,0,0,0,0,CLEAN HARBORS INC
2011,05701GNRLL210CO,GE AEROSPACE PLANT 1,210 COLUMBIAN AVE,RUTLAND,RUTLAND,VT,05701,43.607180,-72.992093,Transportation Equipment,336412,Lead,7439-92-1,YES,Pounds,0,0,0,0,0,51.31,51.31,GENERAL ELECTRIC CO (GE CO)
2011,05759GNRLL16WIN,GE AEROSPACE PLANT 2,270 WINDCREST RD,NORTH CLARENDON,RUTLAND,VT,05759,43.577095,-72.961317,Transportation Equipment,336412,Lead,7439-92-1,YES,Pounds,0.52,0,0,0,0.52,679.56,680.08,GENERAL ELECTRIC CO (GE CO)
2011,05759GNRLL16WIN,GE AEROSPACE PLANT 2,270 WINDCREST RD,NORTH CLARENDON,RUTLAND,VT,05759,43.577095,-72.961317,Transportation Equipment,336412,Lead compounds,N420,NO,Pounds,0.5,0,0,0,0.5,679.56,680.06,GENERAL ELECTRIC CO (GE CO)
2011,0581WPKNDS2884D,PIKE INDUSTRIES INC. - WATERFORD VT (P702 & C603),2884 DUCK POND RD,SAINT JOHNSBURY,CALEDONIA,VT,05819,44.375664,-71.952071,Petroleum,324121,Lead,7439-92-1,YES,Pounds,0,0,0,0,0,0,0,CRH AMERICAS INC
2011,05860RLNSDRAILR,ETHAN ALLEN OPERATIONS INC ORLEANS DIV,27 RAILROAD AVE,ORLEANS,ORLEANS,VT,05860,44.807792,-72.204520,Furniture,337122,Lead compounds,N420,NO,Pounds,0,3.765,0,0,3.765,0,3.765,ETHAN ALLEN OPERATIONS INC
2011,05902THNLLMAINS,ETHAN ALLEN OPERATIONS INC BEECHER FALLS DIV,1280 VT RT 253,BEECHER FALLS,ESSEX,VT,05902,45.010741,-71.506558,Furniture,337122,Lead compounds,N420,NO,Pounds,0,7.711,0,0,7.711,0,7.711,ETHAN ALLEN OPERATIONS INC
2012,0506WVRMNT1131B,VERMONT CASTINGS GROUP - FOUNDRY DIVISION,1131 BEANVILLE ROAD,RANDOLPH,ORANGE,VT,05060,43.900354,-72.655720,Primary Metals,331511,Lead compounds,N420,NO,Pounds,0,0.87,0,0,0.87,0,0.87,MONESSEN HEARTH SYSTEMS CO
2012,05101WHTNYINDUS,WHITNEY BLAKE CO,20 INDUSTRIAL DR,BELLOWS FALLS,WINDHAM,VT,05101,43.164891,-72.453573,Electrical Equipment,335931,Lead compounds,N420,NO,Pounds,0,0.08,0,0,0.08,0,0.08,NA
2012,0515WSRMYNARMRY,US ARMY NATIONAL GUARD WESTMINSTER TRAINING SITE (RANGE),ARMORY LANE,WESTMINSTER,WINDHAM,VT,05158,43.084705,-72.451921,Other,928110,Lead,7439-92-1,YES,Pounds,0,0,0,0,128.1,0,128.1,US DEPARTMENT OF DEFENSE
2012,05201TNSTRWESTR,TANSITOR ELECTRONICS INC,2813 W RD,BENNINGTON,BENNINGTON,VT,05201,42.881093,-73.247022,Computers and Electronic Products,334414,Lead compounds,N420,NO,Pounds,0,0,0,0,0,0,0,VISHAY INTERTECHNOLOGY INC
2012,05301FLFLXPUTNE,GARWARE FULFLEX USA INC.,32 JUSTIN HOLDEN DR,BRATTLEBORO,WINDHAM,VT,05301,42.885623,-72.555569,Plastics and Rubber,326299,Lead compounds,N420,NO,Pounds,0,0,0,0,0,83,83,NA
2012,05301NTDCRONETE,VERMONT CIRCUITS INC,76 TECHNOLOGY DR,BRATTLEBORO,WINDHAM,VT,05301,42.875939,-72.562989,Computers and Electronic Products,334412,Lead,7439-92-1,YES,Pounds,0,0,0,0,0,3,3,NA
2012,05465SRMYTETHAN,U.S. ARMY NATIONAL GUARD ETHAN ALLEN FIRING RANGE,ETHAN ALLEN FIRING RANGE,JERICHO,CHITTENDEN,VT,05465,44.480478,-72.967643,Other,928110,Lead,7439-92-1,YES,Pounds,0,0,0,0,9000.3,0,9000.3,US DEPARTMENT OF DEFENSE
2012,05478VRDYB75SWA,ENERGIZER BATTERY MANUFACTURING INC,75 SWANTON RD,SAINT ALBANS,FRANKLIN,VT,05478,44.829890,-73.079730,Electrical Equipment,335912,Lead compounds,N420,NO,Pounds,0,0,0,0,0,6.6029,6.6029,ENERGIZER HOLDINGS INC
2012,0547WPKNDS326CA,PIKE INDUSTRIES INC. - NEW HAVEN (C600 & P736),326 CAMPGROUND RD,NEW HAVEN,ADDISON,VT,05472,44.085888,-73.181918,Petroleum,324121,Lead,7439-92-1,YES,Pounds,0,0,0,0,0,0,0,CRH AMERICAS INC
2012,05485BSCSCMILLS,WESTROCK CONVERTING LLC,369 MILL ST,SHELDON SPRINGS,FRANKLIN,VT,05485,44.906475,-72.978457,Paper,322130,Lead,7439-92-1,YES,Pounds,0,0.33,0,0,0.33,2.9,3.23,SMURFIT WESTROCK U.S. HOLDING CO
2012,05491HRCLSPANTO,SIMMONDS PRECISION PRODUCTS INC.,100 PANTON RD,VERGENNES,ADDISON,VT,05491,44.163130,-73.262670,Transportation Equipment,336413,Lead,7439-92-1,YES,Pounds,0,0,0,0,0,62,62,RAYTHEON TECHNOLOGIES CORP
2012,0549WPKNDS346AV,PIKE INDUSTRIES INC. - WILLISTON VT (P800),346 AVENUE A,WILLISTON,CHITTENDEN,VT,05495,44.462638,-73.132244,Petroleum,324121,Lead,7439-92-1,YES,Pounds,0,0,0,0,0,0.3,0.3,CRH AMERICAS INC
2012,05701GNRLL210CO,GE AEROSPACE PLANT 1,210 COLUMBIAN AVE,RUTLAND,RUTLAND,VT,05701,43.607180,-72.992093,Transportation Equipment,336412,Lead,7439-92-1,YES,Pounds,0,0,0,0,0,114,114,GENERAL ELECTRIC CO (GE CO)
2012,0573WPKNDS2275R,PIKE INDUSTRIES INC - DANBY (C613 & P733),2275 ROUTE 7,DANBY,RUTLAND,VT,05739,43.395709,-72.999015,Petroleum,324121,Lead,7439-92-1,YES,Pounds,0,0,0,0,0,0,0,OLDCASTLE INC
2012,05759GNRLL16WIN,GE AEROSPACE PLANT 2,270 WINDCREST RD,NORTH CLARENDON,RUTLAND,VT,05759,43.577095,-72.961317,Transportation Equipment,336412,Lead compounds,N420,NO,Pounds,0.5,0,0,0,0.5,1032.48,1032.98,GENERAL ELECTRIC CO (GE CO)
2012,0581WPKNDS2884D,PIKE INDUSTRIES INC. - WATERFORD VT (P702 & C603),2884 DUCK POND RD,SAINT JOHNSBURY,CALEDONIA,VT,05819,44.375664,-71.952071,Petroleum,324121,Lead,7439-92-1,YES,Pounds,0,0,0,0,0,0,0,CRH AMERICAS INC
2012,05860RLNSDRAILR,ETHAN ALLEN OPERATIONS INC ORLEANS DIV,27 RAILROAD AVE,ORLEANS,ORLEANS,VT,05860,44.807792,-72.204520,Furniture,337122,Lead compounds,N420,NO,Pounds,0,3.233,0,0,3.233,0,3.233,ETHAN ALLEN OPERATIONS INC
2012,05902THNLLMAINS,ETHAN ALLEN OPERATIONS INC BEECHER FALLS DIV,1280 VT RT 253,BEECHER FALLS,ESSEX,VT,05902,45.010741,-71.506558,Furniture,337122,Lead compounds,N420,NO,Pounds,0,6.696,0,0,6.696,0,6.696,ETHAN ALLEN OPERATIONS INC
2013,0506WVRMNT1131B,VERMONT CASTINGS GROUP - FOUNDRY DIVISION,1131 BEANVILLE ROAD,RANDOLPH,ORANGE,VT,05060,43.900354,-72.655720,Primary Metals,331511,Lead compounds,N420,NO,Pounds,0,0.78,0,0,0.78,0,0.78,MONESSEN HEARTH SYSTEMS CO
2013,05101WHTNYINDUS,WHITNEY BLAKE CO,20 INDUSTRIAL DR,BELLOWS FALLS,WINDHAM,VT,05101,43.164891,-72.453573,Electrical Equipment,335931,Lead compounds,N420,NO,Pounds,0,0.08,0,0,0.08,0,0.08,NA
2013,05201TNSTRWESTR,TANSITOR ELECTRONICS INC,2813 W RD,BENNINGTON,BENNINGTON,VT,05201,42.881093,-73.247022,Computers and Electronic Products,334416,Lead compounds,N420,NO,Pounds,0,0,0,0,0,0,0,VISHAY INTERTECHNOLOGY INC
2013,05301FLFLXPUTNE,GARWARE FULFLEX USA INC.,32 JUSTIN HOLDEN DR,BRATTLEBORO,WINDHAM,VT,05301,42.885623,-72.555569,Plastics and Rubber,326299,Lead compounds,N420,NO,Pounds,0,0,0,0,0,47,47,NA
2013,05301NTDCRONETE,VERMONT CIRCUITS INC,76 TECHNOLOGY DR,BRATTLEBORO,WINDHAM,VT,05301,42.875939,-72.562989,Computers and Electronic Products,334412,Lead,7439-92-1,YES,Pounds,0,0,0,0,0,2,2,NA
2013,05465SRMYTETHAN,U.S. ARMY NATIONAL GUARD ETHAN ALLEN FIRING RANGE,ETHAN ALLEN FIRING RANGE,JERICHO,CHITTENDEN,VT,05465,44.480478,-72.967643,Other,928110,Lead,7439-92-1,YES,Pounds,0,0,0,0,7406.8,0,7406.8,US DEPARTMENT OF DEFENSE
2013,05478VRDYB75SWA,ENERGIZER BATTERY MANUFACTURING INC,75 SWANTON RD,SAINT ALBANS,FRANKLIN,VT,05478,44.829890,-73.079730,Electrical Equipment,335912,Lead compounds,N420,NO,Pounds,0,0,0,0,0,1.348,1.348,ENERGIZER HOLDINGS INC
2013,0547WPKNDS326CA,PIKE INDUSTRIES INC. - NEW HAVEN (C600 & P736),326 CAMPGROUND RD,NEW HAVEN,ADDISON,VT,05472,44.085888,-73.181918,Petroleum,324121,Lead,7439-92-1,YES,Pounds,0,0,0,0,0,0,0,CRH AMERICAS INC
2013,05485BSCSCMILLS,WESTROCK CONVERTING LLC,369 MILL ST,SHELDON SPRINGS,FRANKLIN,VT,05485,44.906475,-72.978457,Paper,322130,Lead,7439-92-1,YES,Pounds,0,0.36,0,0,0.36,2.71,3.07,SMURFIT WESTROCK U.S. HOLDING CO
2013,05491HRCLSPANTO,SIMMONDS PRECISION PRODUCTS INC.,100 PANTON RD,VERGENNES,ADDISON,VT,05491,44.163130,-73.262670,Transportation Equipment,336413,Lead,7439-92-1,YES,Pounds,0,3.9,0,0,3.9,125.3,129.2,RAYTHEON TECHNOLOGIES CORP
2013,0549WPKNDS346AV,PIKE INDUSTRIES INC. - WILLISTON VT (P800),346 AVENUE A,WILLISTON,CHITTENDEN,VT,05495,44.462638,-73.132244,Petroleum,324121,Lead,7439-92-1,YES,Pounds,0,0,0,0,0,0.2,0.2,CRH AMERICAS INC
2013,05701GNRLL210CO,GE AEROSPACE PLANT 1,210 COLUMBIAN AVE,RUTLAND,RUTLAND,VT,05701,43.607180,-72.992093,Transportation Equipment,336412,Lead,7439-92-1,YES,Pounds,0,0,0,0,0,64.2,64.2,GENERAL ELECTRIC CO (GE CO)
2013,0573WPKNDS2275R,PIKE INDUSTRIES INC - DANBY (C613 & P733),2275 ROUTE 7,DANBY,RUTLAND,VT,05739,43.395709,-72.999015,Petroleum,324121,Lead,7439-92-1,YES,Pounds,0,0,0,0,0,0,0,OLDCASTLE INC
2013,05759GNRLL16WIN,GE AEROSPACE PLANT 2,270 WINDCREST RD,NORTH CLARENDON,RUTLAND,VT,05759,43.577095,-72.961317,Transportation Equipment,336412,Lead compounds,N420,NO,Pounds,0.5,0,0,0,0.5,838.1,838.6,GENERAL ELECTRIC CO (GE CO)
2013,0581WPKNDS2884D,PIKE INDUSTRIES INC. - WATERFORD VT (P702 & C603),2884 DUCK POND RD,SAINT JOHNSBURY,CALEDONIA,VT,05819,44.375664,-71.952071,Petroleum,324121,Lead,7439-92-1,YES,Pounds,0,0,0,0,0,0,0,CRH AMERICAS INC
2013,05860RLNSDRAILR,ETHAN ALLEN OPERATIONS INC ORLEANS DIV,27 RAILROAD AVE,ORLEANS,ORLEANS,VT,05860,44.807792,-72.204520,Furniture,337122,Lead compounds,N420,NO,Pounds,0,3.462,0,0,3.462,0,3.462,ETHAN ALLEN OPERATIONS INC
2013,05902THNLLMAINS,ETHAN ALLEN OPERATIONS INC BEECHER FALLS DIV,1280 VT RT 253,BEECHER FALLS,ESSEX,VT,05902,45.010741,-71.506558,Furniture,337122,Lead compounds,N420,NO,Pounds,0,6.285,0,0,6.285,0,6.285,ETHAN ALLEN OPERATIONS INC
2014,05101WHTNYINDUS,WHITNEY BLAKE CO,20 INDUSTRIAL DR,BELLOWS FALLS,WINDHAM,VT,05101,43.164891,-72.453573,Electrical Equipment,335931,Lead compounds,N420,NO,Pounds,0,0.09,0,0,0.09,0,0.09,NA
2014,0515WSRMYNARMRY,US ARMY NATIONAL GUARD WESTMINSTER TRAINING SITE (RANGE),ARMORY LANE,WESTMINSTER,WINDHAM,VT,05158,43.084705,-72.451921,Other,928110,Lead,7439-92-1,YES,Pounds,0,0,0,0,185.6,0,185.6,US DEPARTMENT OF DEFENSE
2014,05201TNSTRWESTR,TANSITOR ELECTRONICS INC,2813 W RD,BENNINGTON,BENNINGTON,VT,05201,42.881093,-73.247022,Computers and Electronic Products,334416,Lead compounds,N420,NO,Pounds,0,0,0,0,0,0,0,VISHAY INTERTECHNOLOGY INC
2014,05301FLFLXPUTNE,GARWARE FULFLEX USA INC.,32 JUSTIN HOLDEN DR,BRATTLEBORO,WINDHAM,VT,05301,42.885623,-72.555569,Plastics and Rubber,326299,Lead compounds,N420,NO,Pounds,0,0,0,0,0,28,28,NA
2014,05301NTDCRONETE,VERMONT CIRCUITS INC,76 TECHNOLOGY DR,BRATTLEBORO,WINDHAM,VT,05301,42.875939,-72.562989,Computers and Electronic Products,334412,Lead,7439-92-1,YES,Pounds,0,0,0,0,0,1.5,1.5,NA
2014,05465SRMYTETHAN,U.S. ARMY NATIONAL GUARD ETHAN ALLEN FIRING RANGE,ETHAN ALLEN FIRING RANGE,JERICHO,CHITTENDEN,VT,05465,44.480478,-72.967643,Other,928110,Lead,7439-92-1,YES,Pounds,0,0,0,0,16139.5,0,16139.5,US DEPARTMENT OF DEFENSE
2014,0547WPKNDS326CA,PIKE INDUSTRIES INC. - NEW HAVEN (C600 & P736),326 CAMPGROUND RD,NEW HAVEN,ADDISON,VT,05472,44.085888,-73.181918,Petroleum,324121,Lead,7439-92-1,YES,Pounds,0,0,0,0,0,0,0,CRH AMERICAS INC
2014,05485BSCSCMILLS,WESTROCK CONVERTING LLC,369 MILL ST,SHELDON SPRINGS,FRANKLIN,VT,05485,44.906475,-72.978457,Paper,322130,Lead,7439-92-1,YES,Pounds,0,0.47,0.37,0,0.84,4.97,5.81,SMURFIT WESTROCK U.S. HOLDING CO
2014,05491HRCLSPANTO,SIMMONDS PRECISION PRODUCTS INC.,100 PANTON RD,VERGENNES,ADDISON,VT,05491,44.163130,-73.262670,Transportation Equipment,336413,Lead,7439-92-1,YES,Pounds,0,1.45,0,0,1.45,106.6,108.05,RAYTHEON TECHNOLOGIES CORP
2014,0549WPKNDS346AV,PIKE INDUSTRIES INC. - WILLISTON VT (P800),346 AVENUE A,WILLISTON,CHITTENDEN,VT,05495,44.462638,-73.132244,Petroleum,324121,Lead,7439-92-1,YES,Pounds,0,0,0,0,0,0,0,CRH AMERICAS INC
2014,05701GNRLL210CO,GE AEROSPACE PLANT 1,210 COLUMBIAN AVE,RUTLAND,RUTLAND,VT,05701,43.607180,-72.992093,Transportation Equipment,336412,Lead,7439-92-1,YES,Pounds,0,0,0,0,0,14.5,14.5,GENERAL ELECTRIC CO (GE CO)
2014,0573WPKNDS2275R,PIKE INDUSTRIES INC - DANBY (C613 & P733),2275 ROUTE 7,DANBY,RUTLAND,VT,05739,43.395709,-72.999015,Petroleum,324121,Lead,7439-92-1,YES,Pounds,0,0,0,0,0,0,0,OLDCASTLE INC
2014,05759GNRLL16WIN,GE AEROSPACE PLANT 2,270 WINDCREST RD,NORTH CLARENDON,RUTLAND,VT,05759,43.577095,-72.961317,Transportation Equipment,336412,Lead compounds,N420,NO,Pounds,0,0,0,0,0,530,530,GENERAL ELECTRIC CO (GE CO)
2014,0581WPKNDS2884D,PIKE INDUSTRIES INC. - WATERFORD VT (P702 & C603),2884 DUCK POND RD,SAINT JOHNSBURY,CALEDONIA,VT,05819,44.375664,-71.952071,Petroleum,324121,Lead,7439-92-1,YES,Pounds,0,0,0,0,0,0,0,CRH AMERICAS INC
2014,05860RLNSDRAILR,ETHAN ALLEN OPERATIONS INC ORLEANS DIV,27 RAILROAD AVE,ORLEANS,ORLEANS,VT,05860,44.807792,-72.204520,Furniture,337122,Lead compounds,N420,NO,Pounds,0,3.624,0,0,3.624,0,3.624,ETHAN ALLEN OPERATIONS INC
2014,05902THNLLMAINS,ETHAN ALLEN OPERATIONS INC BEECHER FALLS DIV,1280 VT RT 253,BEECHER FALLS,ESSEX,VT,05902,45.010741,-71.506558,Furniture,337122,Lead compounds,N420,NO,Pounds,0,6.348,0,0,6.348,0,6.348,ETHAN ALLEN OPERATIONS INC
2015,05101WHTNYINDUS,WHITNEY BLAKE CO,20 INDUSTRIAL DR,BELLOWS FALLS,WINDHAM,VT,05101,43.164891,-72.453573,Electrical Equipment,335931,Lead compounds,N420,NO,Pounds,0,0.097,0,0,0.097,0,0.097,NA
2015,0515WSRMYNARMRY,US ARMY NATIONAL GUARD WESTMINSTER TRAINING SITE (RANGE),ARMORY LANE,WESTMINSTER,WINDHAM,VT,05158,43.084705,-72.451921,Other,928110,Lead,7439-92-1,YES,Pounds,0,0,0,0,298.8,0,298.8,US DEPARTMENT OF DEFENSE
2015,05201TNSTRWESTR,TANSITOR ELECTRONICS INC,2813 W RD,BENNINGTON,BENNINGTON,VT,05201,42.881093,-73.247022,Computers and Electronic Products,334416,Lead compounds,N420,NO,Pounds,0,0,0,0,0,0,0,VISHAY INTERTECHNOLOGY INC
2015,05301FLFLXPUTNE,GARWARE FULFLEX USA INC.,32 JUSTIN HOLDEN DR,BRATTLEBORO,WINDHAM,VT,05301,42.885623,-72.555569,Plastics and Rubber,326299,Lead compounds,N420,NO,Pounds,0,0,0,0,0,81,81,NA
2015,05465SRMYTETHAN,U.S. ARMY NATIONAL GUARD ETHAN ALLEN FIRING RANGE,ETHAN ALLEN FIRING RANGE,JERICHO,CHITTENDEN,VT,05465,44.480478,-72.967643,Other,928110,Lead,7439-92-1,YES,Pounds,0,0,0,0,11815.9,0,11815.9,US DEPARTMENT OF DEFENSE
2015,0547WPKNDS326CA,PIKE INDUSTRIES INC. - NEW HAVEN (C600 & P736),326 CAMPGROUND RD,NEW HAVEN,ADDISON,VT,05472,44.085888,-73.181918,Petroleum,324121,Lead,7439-92-1,YES,Pounds,0,0,0,0,0,0,0,CRH AMERICAS INC
2015,05485BSCSCMILLS,WESTROCK CONVERTING LLC,369 MILL ST,SHELDON SPRINGS,FRANKLIN,VT,05485,44.906475,-72.978457,Paper,322130,Lead,7439-92-1,YES,Pounds,0,0.69,0.3,0,0.99,9.19,10.18,SMURFIT WESTROCK U.S. HOLDING CO
2015,05491HRCLSPANTO,SIMMONDS PRECISION PRODUCTS INC.,100 PANTON RD,VERGENNES,ADDISON,VT,05491,44.163130,-73.262670,Transportation Equipment,336413,Lead,7439-92-1,YES,Pounds,0,0.17,0,0,0.17,114.88,115.05,RAYTHEON TECHNOLOGIES CORP
2015,0549WPKNDS346AV,PIKE INDUSTRIES INC. - WILLISTON VT (P800),346 AVENUE A,WILLISTON,CHITTENDEN,VT,05495,44.462638,-73.132244,Petroleum,324121,Lead,7439-92-1,YES,Pounds,0,0,0,0,0,0,0,CRH AMERICAS INC
2015,05701GNRLL210CO,GE AEROSPACE PLANT 1,210 COLUMBIAN AVE,RUTLAND,RUTLAND,VT,05701,43.607180,-72.992093,Transportation Equipment,336412,Lead,7439-92-1,YES,Pounds,0,0,0,0,0,12.8,12.8,GENERAL ELECTRIC CO (GE CO)
2015,0573WPKNDS2275R,PIKE INDUSTRIES INC - DANBY (C613 & P733),2275 ROUTE 7,DANBY,RUTLAND,VT,05739,43.395709,-72.999015,Petroleum,324121,Lead,7439-92-1,YES,Pounds,0,0,0,0,0,0,0,OLDCASTLE INC
2015,05759GNRLL16WIN,GE AEROSPACE PLANT 2,270 WINDCREST RD,NORTH CLARENDON,RUTLAND,VT,05759,43.577095,-72.961317,Transportation Equipment,336412,Lead,7439-92-1,YES,Pounds,0,0,0,0,0,774.2,774.2,GENERAL ELECTRIC CO (GE CO)
2015,0581WPKNDS2884D,PIKE INDUSTRIES INC. - WATERFORD VT (P702 & C603),2884 DUCK POND RD,SAINT JOHNSBURY,CALEDONIA,VT,05819,44.375664,-71.952071,Petroleum,324121,Lead,7439-92-1,YES,Pounds,0,0,0,0,0,0,0,CRH AMERICAS INC
2015,05860RLNSDRAILR,ETHAN ALLEN OPERATIONS INC ORLEANS DIV,27 RAILROAD AVE,ORLEANS,ORLEANS,VT,05860,44.807792,-72.204520,Furniture,337122,Lead compounds,N420,NO,Pounds,0,3.484,0,0,3.484,0,3.484,ETHAN ALLEN OPERATIONS INC
2015,05902THNLLMAINS,ETHAN ALLEN OPERATIONS INC BEECHER FALLS DIV,1280 VT RT 253,BEECHER FALLS,ESSEX,VT,05902,45.010741,-71.506558,Furniture,337122,Lead compounds,N420,NO,Pounds,0,6.834,0,0,6.834,0,6.834,ETHAN ALLEN OPERATIONS INC
2016,05101WHTNYINDUS,WHITNEY BLAKE CO,20 INDUSTRIAL DR,BELLOWS FALLS,WINDHAM,VT,05101,43.164891,-72.453573,Electrical Equipment,335931,Lead compounds,N420,NO,Pounds,0,0.11,0,0,0.11,0,0.11,NA
2016,0515WSRMYNARMRY,US ARMY NATIONAL GUARD WESTMINSTER TRAINING SITE (RANGE),ARMORY LANE,WESTMINSTER,WINDHAM,VT,05158,43.084705,-72.451921,Other,928110,Lead,7439-92-1,YES,Pounds,0,0,0,0,211.2,0,211.2,US DEPARTMENT OF DEFENSE
2016,05201TNSTRWESTR,TANSITOR ELECTRONICS INC,2813 W RD,BENNINGTON,BENNINGTON,VT,05201,42.881093,-73.247022,Computers and Electronic Products,334416,Lead compounds,N420,NO,Pounds,0,0,0,0,0,0,0,VISHAY INTERTECHNOLOGY INC
2016,05301FLFLXPUTNE,GARWARE FULFLEX USA INC.,32 JUSTIN HOLDEN DR,BRATTLEBORO,WINDHAM,VT,05301,42.885623,-72.555569,Plastics and Rubber,326299,Lead compounds,N420,NO,Pounds,0,0,0,0,0,106,106,NA
2016,05465SRMYTETHAN,U.S. ARMY NATIONAL GUARD ETHAN ALLEN FIRING RANGE,ETHAN ALLEN FIRING RANGE,JERICHO,CHITTENDEN,VT,05465,44.480478,-72.967643,Other,928110,Lead,7439-92-1,YES,Pounds,0,0,0,0,14081,0,14081,US DEPARTMENT OF DEFENSE
2016,0547WPKNDS326CA,PIKE INDUSTRIES INC. - NEW HAVEN (C600 & P736),326 CAMPGROUND RD,NEW HAVEN,ADDISON,VT,05472,44.085888,-73.181918,Petroleum,324121,Lead,7439-92-1,YES,Pounds,0,0,0,0,0,0,0,CRH AMERICAS INC
2016,05485BSCSCMILLS,WESTROCK CONVERTING LLC,369 MILL ST,SHELDON SPRINGS,FRANKLIN,VT,05485,44.906475,-72.978457,Paper,322130,Lead,7439-92-1,YES,Pounds,0,0.35,0.32,0,0.67,5.95,6.62,SMURFIT WESTROCK U.S. HOLDING CO
2016,05491HRCLSPANTO,SIMMONDS PRECISION PRODUCTS INC.,100 PANTON RD,VERGENNES,ADDISON,VT,05491,44.163130,-73.262670,Transportation Equipment,336413,Lead,7439-92-1,YES,Pounds,0,0.16,0,0,0.16,93.83,93.99,RAYTHEON TECHNOLOGIES CORP
2016,0549WPKNDS346AV,PIKE INDUSTRIES INC. - WILLISTON VT (P800),346 AVENUE A,WILLISTON,CHITTENDEN,VT,05495,44.462638,-73.132244,Petroleum,324121,Lead,7439-92-1,YES,Pounds,0,0,0,0,0,0.2,0.2,CRH AMERICAS INC
2016,05701GNRLL210CO,GE AEROSPACE PLANT 1,210 COLUMBIAN AVE,RUTLAND,RUTLAND,VT,05701,43.607180,-72.992093,Transportation Equipment,336412,Lead,7439-92-1,YES,Pounds,0,0,0,0,0,96.9,96.9,GENERAL ELECTRIC CO (GE CO)
2016,0573WPKNDS2275R,PIKE INDUSTRIES INC - DANBY (C613 & P733),2275 ROUTE 7,DANBY,RUTLAND,VT,05739,43.395709,-72.999015,Petroleum,324121,Lead,7439-92-1,YES,Pounds,0,0,0,0,0,0,0,OLDCASTLE INC
2016,05759GNRLL16WIN,GE AEROSPACE PLANT 2,270 WINDCREST RD,NORTH CLARENDON,RUTLAND,VT,05759,43.577095,-72.961317,Transportation Equipment,336412,Lead,7439-92-1,YES,Pounds,0,0,0,0,0,226.4,226.4,GENERAL ELECTRIC CO (GE CO)
2016,05764FRSTL212ID,FIRST LIGHT TECHNOLOGIES INC,212 IDEAL WAY,POULTNEY,RUTLAND,VT,05764,43.519615,-73.235417,Electrical Equipment,335110,Lead compounds,N420,NO,Pounds,0,0,0,0,0,0,0,NA
2016,0581WPKNDS2884D,PIKE INDUSTRIES INC. - WATERFORD VT (P702 & C603),2884 DUCK POND RD,SAINT JOHNSBURY,CALEDONIA,VT,05819,44.375664,-71.952071,Petroleum,324121,Lead,7439-92-1,YES,Pounds,0,0,0,0,0,0,0,CRH AMERICAS INC
2016,05860RLNSDRAILR,ETHAN ALLEN OPERATIONS INC ORLEANS DIV,27 RAILROAD AVE,ORLEANS,ORLEANS,VT,05860,44.807792,-72.204520,Furniture,337122,Lead compounds,N420,NO,Pounds,0,3.741,0,0,3.741,0,3.741,ETHAN ALLEN OPERATIONS INC
2016,05902THNLLMAINS,ETHAN ALLEN OPERATIONS INC BEECHER FALLS DIV,1280 VT RT 253,BEECHER FALLS,ESSEX,VT,05902,45.010741,-71.506558,Furniture,337122,Lead compounds,N420,NO,Pounds,0,6.529,0,0,6.529,0,6.529,ETHAN ALLEN OPERATIONS INC
2017,05101WHTNYINDUS,WHITNEY BLAKE CO,20 INDUSTRIAL DR,BELLOWS FALLS,WINDHAM,VT,05101,43.164891,-72.453573,Electrical Equipment,335931,Lead compounds,N420,NO,Pounds,0,0.11,0,0,0.11,0,0.11,NA
2017,0515WSRMYNARMRY,US ARMY NATIONAL GUARD WESTMINSTER TRAINING SITE (RANGE),ARMORY LANE,WESTMINSTER,WINDHAM,VT,05158,43.084705,-72.451921,Other,928110,Lead,7439-92-1,YES,Pounds,0,0,0,0,4.62,0,4.62,US DEPARTMENT OF DEFENSE
2017,05201TNSTRWESTR,TANSITOR ELECTRONICS INC,2813 W RD,BENNINGTON,BENNINGTON,VT,05201,42.881093,-73.247022,Computers and Electronic Products,334416,Lead compounds,N420,NO,Pounds,0,0,0,0,0,0,0,VISHAY INTERTECHNOLOGY INC
2017,05301FLFLXPUTNE,GARWARE FULFLEX USA INC.,32 JUSTIN HOLDEN DR,BRATTLEBORO,WINDHAM,VT,05301,42.885623,-72.555569,Plastics and Rubber,326299,Lead compounds,N420,NO,Pounds,0,0,0,0,0,115,115,NA
2017,05465SRMYTETHAN,U.S. ARMY NATIONAL GUARD ETHAN ALLEN FIRING RANGE,ETHAN ALLEN FIRING RANGE,JERICHO,CHITTENDEN,VT,05465,44.480478,-72.967643,Other,928110,Lead,7439-92-1,YES,Pounds,0,0,0,0,13199.9,0,13199.9,US DEPARTMENT OF DEFENSE
2017,0547WPKNDS326CA,PIKE INDUSTRIES INC. - NEW HAVEN (C600 & P736),326 CAMPGROUND RD,NEW HAVEN,ADDISON,VT,05472,44.085888,-73.181918,Petroleum,324121,Lead,7439-92-1,YES,Pounds,0,0,0,0,0,0,0,CRH AMERICAS INC
2017,05485BSCSCMILLS,WESTROCK CONVERTING LLC,369 MILL ST,SHELDON SPRINGS,FRANKLIN,VT,05485,44.906475,-72.978457,Paper,322130,Lead,7439-92-1,YES,Pounds,0,0.36,0.23,0,0.59,87.68,88.27,SMURFIT WESTROCK U.S. HOLDING CO
2017,05491HRCLSPANTO,SIMMONDS PRECISION PRODUCTS INC.,100 PANTON RD,VERGENNES,ADDISON,VT,05491,44.163130,-73.262670,Transportation Equipment,336413,Lead,7439-92-1,YES,Pounds,0,0.18,0,0,0.18,59.3,59.48,RAYTHEON TECHNOLOGIES CORP
2017,0549WPKNDS346AV,PIKE INDUSTRIES INC. - WILLISTON VT (P800),346 AVENUE A,WILLISTON,CHITTENDEN,VT,05495,44.462638,-73.132244,Petroleum,324121,Lead,7439-92-1,YES,Pounds,0,0,0,0,0,0,0,CRH AMERICAS INC
2017,05701GNRLL210CO,GE AEROSPACE PLANT 1,210 COLUMBIAN AVE,RUTLAND,RUTLAND,VT,05701,43.607180,-72.992093,Transportation Equipment,336412,Lead,7439-92-1,YES,Pounds,0,0,0,0,0,101.7,101.7,GENERAL ELECTRIC CO (GE CO)
2017,0573WPKNDS2275R,PIKE INDUSTRIES INC - DANBY (C613 & P733),2275 ROUTE 7,DANBY,RUTLAND,VT,05739,43.395709,-72.999015,Petroleum,324121,Lead,7439-92-1,YES,Pounds,0,0,0,0,0,0,0,OLDCASTLE INC
2017,05759GNRLL16WIN,GE AEROSPACE PLANT 2,270 WINDCREST RD,NORTH CLARENDON,RUTLAND,VT,05759,43.577095,-72.961317,Transportation Equipment,336412,Lead,7439-92-1,YES,Pounds,0,0,0,0,0,244.6,244.6,GENERAL ELECTRIC CO (GE CO)
2017,05764FRSTL212ID,FIRST LIGHT TECHNOLOGIES INC,212 IDEAL WAY,POULTNEY,RUTLAND,VT,05764,43.519615,-73.235417,Electrical Equipment,335110,Lead compounds,N420,NO,Pounds,0,0,0,0,0,0,0,NA
2017,0581WFRBNK2176P,FAIRBANKS SCALES INC,2176 PORTLAND ST,SAINT JOHNSBURY,CALEDONIA,VT,05819,44.427881,-71.977942,Machinery,333997,Lead,7439-92-1,YES,Pounds,0,0,0,0,0,0,0,FANCOR INC
2017,0581WPKNDS2884D,PIKE INDUSTRIES INC. - WATERFORD VT (P702 & C603),2884 DUCK POND RD,SAINT JOHNSBURY,CALEDONIA,VT,05819,44.375664,-71.952071,Petroleum,324121,Lead,7439-92-1,YES,Pounds,0,0,0,0,0,0,0,CRH AMERICAS INC
2017,05860RLNSDRAILR,ETHAN ALLEN OPERATIONS INC ORLEANS DIV,27 RAILROAD AVE,ORLEANS,ORLEANS,VT,05860,44.807792,-72.204520,Furniture,337122,Lead compounds,N420,NO,Pounds,0,3.271,0,0,3.271,0,3.271,ETHAN ALLEN OPERATIONS INC
2017,05902THNLLMAINS,ETHAN ALLEN OPERATIONS INC BEECHER FALLS DIV,1280 VT RT 253,BEECHER FALLS,ESSEX,VT,05902,45.010741,-71.506558,Furniture,337122,Lead compounds,N420,NO,Pounds,0,6.694,0,0,6.694,0,6.694,ETHAN ALLEN OPERATIONS INC
2018,05101WHTNYINDUS,WHITNEY BLAKE CO,20 INDUSTRIAL DR,BELLOWS FALLS,WINDHAM,VT,05101,43.164891,-72.453573,Electrical Equipment,335931,Lead compounds,N420,NO,Pounds,0,0.12,0,0,0.12,0,0.12,NA
2018,0515WSRMYNARMRY,US ARMY NATIONAL GUARD WESTMINSTER TRAINING SITE (RANGE),ARMORY LANE,WESTMINSTER,WINDHAM,VT,05158,43.084705,-72.451921,Other,928110,Lead,7439-92-1,YES,Pounds,0,0,0,0,5.09,0,5.09,US DEPARTMENT OF DEFENSE
2018,05201TNSTRWESTR,TANSITOR ELECTRONICS INC,2813 W RD,BENNINGTON,BENNINGTON,VT,05201,42.881093,-73.247022,Computers and Electronic Products,334416,Lead compounds,N420,NO,Pounds,0,0,0,0,0,0,0,VISHAY INTERTECHNOLOGY INC
2018,05301FLFLXPUTNE,GARWARE FULFLEX USA INC.,32 JUSTIN HOLDEN DR,BRATTLEBORO,WINDHAM,VT,05301,42.885623,-72.555569,Plastics and Rubber,326299,Lead compounds,N420,NO,Pounds,0,0,0,0,0,117,117,NA
2018,05465SRMYTETHAN,U.S. ARMY NATIONAL GUARD ETHAN ALLEN FIRING RANGE,ETHAN ALLEN FIRING RANGE,JERICHO,CHITTENDEN,VT,05465,44.480478,-72.967643,Other,928110,Lead,7439-92-1,YES,Pounds,0,0,0,0,16283,367,16650,US DEPARTMENT OF DEFENSE
2018,0547WPKNDS326CA,PIKE INDUSTRIES INC. - NEW HAVEN (C600 & P736),326 CAMPGROUND RD,NEW HAVEN,ADDISON,VT,05472,44.085888,-73.181918,Petroleum,324121,Lead,7439-92-1,YES,Pounds,0,0,0,0,0,0,0,CRH AMERICAS INC
2018,05485BSCSCMILLS,WESTROCK CONVERTING LLC,369 MILL ST,SHELDON SPRINGS,FRANKLIN,VT,05485,44.906475,-72.978457,Paper,322130,Lead,7439-92-1,YES,Pounds,0,0.435,0.323,0,0.758,7.8,8.558,SMURFIT WESTROCK U.S. HOLDING CO
2018,05491HRCLSPANTO,SIMMONDS PRECISION PRODUCTS INC.,100 PANTON RD,VERGENNES,ADDISON,VT,05491,44.163130,-73.262670,Transportation Equipment,336413,Lead,7439-92-1,YES,Pounds,0,0.15,0,0,0.15,60.62,60.77,RAYTHEON TECHNOLOGIES CORP
2018,0549WPKNDS346AV,PIKE INDUSTRIES INC. - WILLISTON VT (P800),346 AVENUE A,WILLISTON,CHITTENDEN,VT,05495,44.462638,-73.132244,Petroleum,324121,Lead,7439-92-1,YES,Pounds,0,0,0,0,0,0,0,CRH AMERICAS INC
2018,0564WPKNDS165GR,PIKE INDUSTRIES PLANT P-901 (BERLIN),165 GRANGER ROAD,BARRE,WASHINGTON,VT,056410542,44.210047,-72.565477,Petroleum,324121,Lead,7439-92-1,YES,Pounds,0,0,0,0,0,0,0,CRH AMERICAS INC
2018,05701GNRLL210CO,GE AEROSPACE PLANT 1,210 COLUMBIAN AVE,RUTLAND,RUTLAND,VT,05701,43.607180,-72.992093,Transportation Equipment,336412,Lead,7439-92-1,YES,Pounds,0,0,0,0,0,16.6,16.6,GENERAL ELECTRIC CO (GE CO)
2018,05759GNRLL16WIN,GE AEROSPACE PLANT 2,270 WINDCREST RD,NORTH CLARENDON,RUTLAND,VT,05759,43.577095,-72.961317,Transportation Equipment,336412,Lead,7439-92-1,YES,Pounds,0,0,0,0,0,15.6,15.6,GENERAL ELECTRIC CO (GE CO)
2018,0581WFRBNK2176P,FAIRBANKS SCALES INC,2176 PORTLAND ST,SAINT JOHNSBURY,CALEDONIA,VT,05819,44.427881,-71.977942,Machinery,333997,Lead,7439-92-1,YES,Pounds,0,0,0,0,0,0,0,FANCOR INC
2018,0581WPKNDS2884D,PIKE INDUSTRIES INC. - WATERFORD VT (P702 & C603),2884 DUCK POND RD,SAINT JOHNSBURY,CALEDONIA,VT,05819,44.375664,-71.952071,Petroleum,324121,Lead,7439-92-1,YES,Pounds,0,0,0,0,0,0,0,CRH AMERICAS INC
2018,05860RLNSDRAILR,ETHAN ALLEN OPERATIONS INC ORLEANS DIV,27 RAILROAD AVE,ORLEANS,ORLEANS,VT,05860,44.807792,-72.204520,Furniture,337122,Lead  And Lead Compounds,N420,NO,Pounds,0,3.052,0,0,3.052,0,3.052,ETHAN ALLEN OPERATIONS INC
2018,05902THNLLMAINS,ETHAN ALLEN OPERATIONS INC BEECHER FALLS DIV,1280 VT RT 253,BEECHER FALLS,ESSEX,VT,05902,45.010741,-71.506558,Furniture,337122,Lead compounds,N420,NO,Pounds,0,7.139,0,0,7.139,0,7.139,ETHAN ALLEN OPERATIONS INC
2019,05101WHTNYINDUS,WHITNEY BLAKE CO,20 INDUSTRIAL DR,BELLOWS FALLS,WINDHAM,VT,05101,43.164891,-72.453573,Electrical Equipment,335931,Lead  And Lead Compounds,N420,NO,Pounds,0,0.13,0,0,0.13,0,0.13,NA
2019,0515WSRMYNARMRY,US ARMY NATIONAL GUARD WESTMINSTER TRAINING SITE (RANGE),ARMORY LANE,WESTMINSTER,WINDHAM,VT,05158,43.084705,-72.451921,Other,928110,Lead,7439-92-1,YES,Pounds,0,0,0,0,1.8,0,1.8,US DEPARTMENT OF DEFENSE
2019,05201TNSTRWESTR,TANSITOR ELECTRONICS INC,2813 W RD,BENNINGTON,BENNINGTON,VT,05201,42.881093,-73.247022,Computers and Electronic Products,334416,Lead compounds,N420,NO,Pounds,0,0,0,0,0,0,0,VISHAY INTERTECHNOLOGY INC
2019,05301FLFLXPUTNE,GARWARE FULFLEX USA INC.,32 JUSTIN HOLDEN DR,BRATTLEBORO,WINDHAM,VT,05301,42.885623,-72.555569,Plastics and Rubber,326299,Lead  And Lead Compounds,N420,NO,Pounds,0,0,0,0,0,175,175,NA
2019,05465SRMYTETHAN,U.S. ARMY NATIONAL GUARD ETHAN ALLEN FIRING RANGE,ETHAN ALLEN FIRING RANGE,JERICHO,CHITTENDEN,VT,05465,44.480478,-72.967643,Other,928110,Lead,7439-92-1,YES,Pounds,0,0,0,0,7011,0,7011,US DEPARTMENT OF DEFENSE
2019,0547WPKNDS326CA,PIKE INDUSTRIES INC. - NEW HAVEN (C600 & P736),326 CAMPGROUND RD,NEW HAVEN,ADDISON,VT,05472,44.085888,-73.181918,Petroleum,324121,Lead,7439-92-1,YES,Pounds,0,0,0,0,0,0,0,CRH AMERICAS INC
2019,05485BSCSCMILLS,WESTROCK CONVERTING LLC,369 MILL ST,SHELDON SPRINGS,FRANKLIN,VT,05485,44.906475,-72.978457,Paper,322130,Lead compounds,N420,NO,Pounds,0,0.37,0.3,0,0.67,7.23,7.9,SMURFIT WESTROCK U.S. HOLDING CO
2019,05491HRCLSPANTO,SIMMONDS PRECISION PRODUCTS INC.,100 PANTON RD,VERGENNES,ADDISON,VT,05491,44.163130,-73.262670,Transportation Equipment,336413,Lead,7439-92-1,YES,Pounds,0,0.16,0,0,0.16,20.13696,20.29696,RAYTHEON TECHNOLOGIES CORP
2019,0549WPKNDS346AV,PIKE INDUSTRIES INC. - WILLISTON VT (P800),346 AVENUE A,WILLISTON,CHITTENDEN,VT,05495,44.462638,-73.132244,Petroleum,324121,Lead,7439-92-1,YES,Pounds,0,0,0,0,0,0,0,CRH AMERICAS INC
2019,05701GNRLL210CO,GE AEROSPACE PLANT 1,210 COLUMBIAN AVE,RUTLAND,RUTLAND,VT,05701,43.607180,-72.992093,Transportation Equipment,336412,Lead,7439-92-1,YES,Pounds,0,0,0,0,0,21.9,21.9,GENERAL ELECTRIC CO (GE CO)
2019,05759GNRLL16WIN,GE AEROSPACE PLANT 2,270 WINDCREST RD,NORTH CLARENDON,RUTLAND,VT,05759,43.577095,-72.961317,Transportation Equipment,336412,Lead,7439-92-1,YES,Pounds,0,0,0,0,0,13.2,13.2,GENERAL ELECTRIC CO (GE CO)
2019,0581WFRBNK2176P,FAIRBANKS SCALES INC,2176 PORTLAND ST,SAINT JOHNSBURY,CALEDONIA,VT,05819,44.427881,-71.977942,Machinery,333997,Lead,7439-92-1,YES,Pounds,0,0,0,0,0,0,0,FANCOR INC
2019,0581WPKNDS2884D,PIKE INDUSTRIES INC. - WATERFORD VT (P702 & C603),2884 DUCK POND RD,SAINT JOHNSBURY,CALEDONIA,VT,05819,44.375664,-71.952071,Petroleum,324121,Lead,7439-92-1,YES,Pounds,0,0,0,0,0,0,0,CRH AMERICAS INC
2019,05860RLNSDRAILR,ETHAN ALLEN OPERATIONS INC ORLEANS DIV,27 RAILROAD AVE,ORLEANS,ORLEANS,VT,05860,44.807792,-72.204520,Furniture,337122,Lead  And Lead Compounds,N420,NO,Pounds,0,2.915,0,0,2.915,0,2.915,ETHAN ALLEN OPERATIONS INC
2019,05902THNLLMAINS,ETHAN ALLEN OPERATIONS INC BEECHER FALLS DIV,1280 VT RT 253,BEECHER FALLS,ESSEX,VT,05902,45.010741,-71.506558,Furniture,337122,Lead compounds,N420,NO,Pounds,0,6.82,0,0,6.82,0,6.82,ETHAN ALLEN OPERATIONS INC
2020,05101WHTNYINDUS,WHITNEY BLAKE CO,20 INDUSTRIAL DR,BELLOWS FALLS,WINDHAM,VT,05101,43.164891,-72.453573,Electrical Equipment,335931,Lead compounds,N420,NO,Pounds,0,0.12,0,0,0.12,0,0.12,NA
2020,05201TNSTRWESTR,TANSITOR ELECTRONICS INC,2813 W RD,BENNINGTON,BENNINGTON,VT,05201,42.881093,-73.247022,Computers and Electronic Products,334416,Lead compounds,N420,NO,Pounds,0,0,0,0,0,0,0,VISHAY INTERTECHNOLOGY INC
2020,05301FLFLXPUTNE,GARWARE FULFLEX USA INC.,32 JUSTIN HOLDEN DR,BRATTLEBORO,WINDHAM,VT,05301,42.885623,-72.555569,Plastics and Rubber,326299,Lead  And Lead Compounds,N420,NO,Pounds,0,0.105,0,0,0.105,194.2,194.305,NA
2020,05465SRMYTETHAN,U.S. ARMY NATIONAL GUARD ETHAN ALLEN FIRING RANGE,ETHAN ALLEN FIRING RANGE,JERICHO,CHITTENDEN,VT,05465,44.480478,-72.967643,Other,928110,Lead,7439-92-1,YES,Pounds,0,0,0,0,20332,0,20332,US DEPARTMENT OF DEFENSE
2020,0547WPKNDS326CA,PIKE INDUSTRIES INC. - NEW HAVEN (C600 & P736),326 CAMPGROUND RD,NEW HAVEN,ADDISON,VT,05472,44.085888,-73.181918,Petroleum,324121,Lead,7439-92-1,YES,Pounds,0,0,0,0,0,0,0,CRH AMERICAS INC
2020,05485BSCSCMILLS,WESTROCK CONVERTING LLC,369 MILL ST,SHELDON SPRINGS,FRANKLIN,VT,05485,44.906475,-72.978457,Paper,322130,Lead compounds,N420,NO,Pounds,0,0.33,0.316,0,0.646,10,10.646,SMURFIT WESTROCK U.S. HOLDING CO
2020,05491HRCLSPANTO,SIMMONDS PRECISION PRODUCTS INC.,100 PANTON RD,VERGENNES,ADDISON,VT,05491,44.163130,-73.262670,Transportation Equipment,336413,Lead,7439-92-1,YES,Pounds,0,0.15,0,0,0.15,17.3984,17.5484,RAYTHEON TECHNOLOGIES CORP
2020,0549WPKNDS346AV,PIKE INDUSTRIES INC. - WILLISTON VT (P800),346 AVENUE A,WILLISTON,CHITTENDEN,VT,05495,44.462638,-73.132244,Petroleum,324121,Lead,7439-92-1,YES,Pounds,0,0,0,0,0,0,0,CRH AMERICAS INC
2020,05701GNRLL210CO,GE AEROSPACE PLANT 1,210 COLUMBIAN AVE,RUTLAND,RUTLAND,VT,05701,43.607180,-72.992093,Transportation Equipment,336412,Lead,7439-92-1,YES,Pounds,0,0,0,0,0,14.6,14.6,GENERAL ELECTRIC CO (GE CO)
2020,05759GNRLL16WIN,GE AEROSPACE PLANT 2,270 WINDCREST RD,NORTH CLARENDON,RUTLAND,VT,05759,43.577095,-72.961317,Transportation Equipment,336412,Lead,7439-92-1,YES,Pounds,0,0,0,0,0,12.8,12.8,GENERAL ELECTRIC CO (GE CO)
2020,0581WFRBNK2176P,FAIRBANKS SCALES INC,2176 PORTLAND ST,SAINT JOHNSBURY,CALEDONIA,VT,05819,44.427881,-71.977942,Machinery,333997,Lead,7439-92-1,YES,Pounds,0,0,0,0,0,0,0,FANCOR INC
2020,0581WPKNDS2884D,PIKE INDUSTRIES INC. - WATERFORD VT (P702 & C603),2884 DUCK POND RD,SAINT JOHNSBURY,CALEDONIA,VT,05819,44.375664,-71.952071,Petroleum,324121,Lead,7439-92-1,YES,Pounds,0,0,0,0,0,0,0,CRH AMERICAS INC
2020,05860RLNSDRAILR,ETHAN ALLEN OPERATIONS INC ORLEANS DIV,27 RAILROAD AVE,ORLEANS,ORLEANS,VT,05860,44.807792,-72.204520,Furniture,337122,Lead compounds,N420,NO,Pounds,0,2.908,0,0,2.908,0,2.908,ETHAN ALLEN OPERATIONS INC
2020,05902THNLLMAINS,ETHAN ALLEN OPERATIONS INC BEECHER FALLS DIV,1280 VT RT 253,BEECHER FALLS,ESSEX,VT,05902,45.010741,-71.506558,Furniture,337122,Lead compounds,N420,NO,Pounds,0,4.44,0,0,4.44,0,4.44,ETHAN ALLEN OPERATIONS INC
2021,05101WHTNYINDUS,WHITNEY BLAKE CO,20 INDUSTRIAL DR,BELLOWS FALLS,WINDHAM,VT,05101,43.164891,-72.453573,Electrical Equipment,335931,Lead  And Lead Compounds,N420,NO,Pounds,0,0.12,0,0,0.12,0,0.12,NA
2021,05201TNSTRWESTR,TANSITOR ELECTRONICS INC,2813 W RD,BENNINGTON,BENNINGTON,VT,05201,42.881093,-73.247022,Computers and Electronic Products,334416,Lead compounds,N420,NO,Pounds,0,0,0,0,0,0,0,VISHAY INTERTECHNOLOGY INC
2021,05301FLFLXPUTNE,GARWARE FULFLEX USA INC.,32 JUSTIN HOLDEN DR,BRATTLEBORO,WINDHAM,VT,05301,42.885623,-72.555569,Chemicals,325212,Lead compounds,N420,NO,Pounds,0,0.05,0,0,0.05,63,63.05,NA
2021,05465SRMYTETHAN,U.S. ARMY NATIONAL GUARD ETHAN ALLEN FIRING RANGE,ETHAN ALLEN FIRING RANGE,JERICHO,CHITTENDEN,VT,05465,44.480478,-72.967643,Other,928110,Lead,7439-92-1,YES,Pounds,0,0,0,0,6751,0,6751,US DEPARTMENT OF DEFENSE
2021,0547WPKNDS326CA,PIKE INDUSTRIES INC. - NEW HAVEN (C600 & P736),326 CAMPGROUND RD,NEW HAVEN,ADDISON,VT,05472,44.085888,-73.181918,Petroleum,324121,Lead,7439-92-1,YES,Pounds,0,0,0,0,0,0,0,CRH AMERICAS INC
2021,05485BSCSCMILLS,WESTROCK CONVERTING LLC,369 MILL ST,SHELDON SPRINGS,FRANKLIN,VT,05485,44.906475,-72.978457,Paper,322130,Lead  And Lead Compounds,N420,NO,Pounds,0,0.32,0.291,0,0.611,2.06,2.671,SMURFIT WESTROCK U.S. HOLDING CO
2021,05491HRCLSPANTO,SIMMONDS PRECISION PRODUCTS INC.,100 PANTON RD,VERGENNES,ADDISON,VT,05491,44.163130,-73.262670,Transportation Equipment,336413,Lead,7439-92-1,YES,Pounds,0,0.16,0,0,0.16,0.0359,0.1959,RAYTHEON TECHNOLOGIES CORP
2021,0549WPKNDS346AV,PIKE INDUSTRIES INC. - WILLISTON VT (P800),346 AVENUE A,WILLISTON,CHITTENDEN,VT,05495,44.462638,-73.132244,Petroleum,324121,Lead,7439-92-1,YES,Pounds,0,0,0,0,0,0,0,CRH AMERICAS INC
2021,05701GNRLL210CO,GE AEROSPACE PLANT 1,210 COLUMBIAN AVE,RUTLAND,RUTLAND,VT,05701,43.607180,-72.992093,Transportation Equipment,336412,Lead,7439-92-1,YES,Pounds,0,0,0,0,0,9,9,GENERAL ELECTRIC CO (GE CO)
2021,05759GNRLL16WIN,GE AEROSPACE PLANT 2,270 WINDCREST RD,NORTH CLARENDON,RUTLAND,VT,05759,43.577095,-72.961317,Transportation Equipment,336412,Lead,7439-92-1,YES,Pounds,0,0,0,0,0,16.9,16.9,GENERAL ELECTRIC CO (GE CO)
2021,0581WFRBNK2176P,FAIRBANKS SCALES INC,2176 PORTLAND ST,SAINT JOHNSBURY,CALEDONIA,VT,05819,44.427881,-71.977942,Machinery,333997,Lead,7439-92-1,YES,Pounds,0,0,0,0,0,0,0,FANCOR INC
2021,0581WPKNDS2884D,PIKE INDUSTRIES INC. - WATERFORD VT (P702 & C603),2884 DUCK POND RD,SAINT JOHNSBURY,CALEDONIA,VT,05819,44.375664,-71.952071,Petroleum,324121,Lead,7439-92-1,YES,Pounds,0,0,0,0,0,0,0,CRH AMERICAS INC
2021,05860RLNSDRAILR,ETHAN ALLEN OPERATIONS INC ORLEANS DIV,27 RAILROAD AVE,ORLEANS,ORLEANS,VT,05860,44.807792,-72.204520,Furniture,337122,Lead compounds,N420,NO,Pounds,0,3.578,0,0,3.578,0,3.578,ETHAN ALLEN OPERATIONS INC
2021,05902THNLLMAINS,ETHAN ALLEN OPERATIONS INC BEECHER FALLS DIV,1280 VT RT 253,BEECHER FALLS,ESSEX,VT,05902,45.010741,-71.506558,Furniture,337122,Lead compounds,N420,NO,Pounds,0,7.33,0,0,7.33,0,7.33,ETHAN ALLEN OPERATIONS INC
2022,05101WHTNYINDUS,WHITNEY BLAKE CO,20 INDUSTRIAL DR,BELLOWS FALLS,WINDHAM,VT,05101,43.164891,-72.453573,Electrical Equipment,335931,Lead compounds,N420,NO,Pounds,0,0.16,0,0,0.16,0,0.16,NA
2022,05201TNSTRWESTR,TANSITOR ELECTRONICS INC,2813 W RD,BENNINGTON,BENNINGTON,VT,05201,42.881093,-73.247022,Computers and Electronic Products,334416,Lead compounds,N420,NO,Pounds,0,0,0,0,0,0,0,VISHAY INTERTECHNOLOGY INC
2022,05301FLFLXPUTNE,GARWARE FULFLEX USA INC.,32 JUSTIN HOLDEN DR,BRATTLEBORO,WINDHAM,VT,05301,42.885623,-72.555569,Chemicals,325212,Lead  And Lead Compounds,N420,NO,Pounds,0,0.09,0,0,0.09,116,116.09,NA
2022,05465SRMYTETHAN,U.S. ARMY NATIONAL GUARD ETHAN ALLEN FIRING RANGE,ETHAN ALLEN FIRING RANGE,JERICHO,CHITTENDEN,VT,05465,44.480478,-72.967643,Other,928110,Lead,7439-92-1,YES,Pounds,0,0,0,0,9090,0,9090,US DEPARTMENT OF DEFENSE
2022,0547WPKNDS326CA,PIKE INDUSTRIES INC. - NEW HAVEN (C600 & P736),326 CAMPGROUND RD,NEW HAVEN,ADDISON,VT,05472,44.085888,-73.181918,Petroleum,324121,Lead,7439-92-1,YES,Pounds,0,0,0,0,0,0,0,CRH AMERICAS INC
2022,05485BSCSCMILLS,WESTROCK CONVERTING LLC,369 MILL ST,SHELDON SPRINGS,FRANKLIN,VT,05485,44.906475,-72.978457,Paper,322130,Lead  And Lead Compounds,N420,NO,Pounds,0,0.44,0.32,0,0.76,2.28,3.04,SMURFIT WESTROCK U.S. HOLDING CO
2022,05491HRCLSPANTO,SIMMONDS PRECISION PRODUCTS INC.,100 PANTON RD,VERGENNES,ADDISON,VT,05491,44.163130,-73.262670,Transportation Equipment,336413,Lead,7439-92-1,YES,Pounds,0,0.15,0,0,0.15,0.0094,0.1594,RAYTHEON TECHNOLOGIES CORP
2022,0549WPKNDS346AV,PIKE INDUSTRIES INC. - WILLISTON VT (P800),346 AVENUE A,WILLISTON,CHITTENDEN,VT,05495,44.462638,-73.132244,Petroleum,324121,Lead,7439-92-1,YES,Pounds,0,0,0,0,0,0,0,CRH AMERICAS INC
2022,05759GNRLL16WIN,GE AEROSPACE PLANT 2,270 WINDCREST RD,NORTH CLARENDON,RUTLAND,VT,05759,43.577095,-72.961317,Transportation Equipment,336412,Lead,7439-92-1,YES,Pounds,0,0,0,0,0,9.7,9.7,GENERAL ELECTRIC CO (GE CO)
2022,0581WFRBNK2176P,FAIRBANKS SCALES INC,2176 PORTLAND ST,SAINT JOHNSBURY,CALEDONIA,VT,05819,44.427881,-71.977942,Machinery,333998,Lead,7439-92-1,YES,Pounds,0,0,0,0,0,0,0,FANCOR INC
2022,0581WPKNDS2884D,PIKE INDUSTRIES INC. - WATERFORD VT (P702 & C603),2884 DUCK POND RD,SAINT JOHNSBURY,CALEDONIA,VT,05819,44.375664,-71.952071,Petroleum,324121,Lead,7439-92-1,YES,Pounds,0,0,0,0,0,0,0,CRH AMERICAS INC
2022,05860RLNSDRAILR,ETHAN ALLEN OPERATIONS INC ORLEANS DIV,27 RAILROAD AVE,ORLEANS,ORLEANS,VT,05860,44.807792,-72.204520,Furniture,337122,Lead compounds,N420,NO,Pounds,0,3.931,0,0,3.931,0,3.931,ETHAN ALLEN OPERATIONS INC
2022,05902THNLLMAINS,ETHAN ALLEN OPERATIONS INC BEECHER FALLS DIV,1280 VT RT 253,BEECHER FALLS,ESSEX,VT,05902,45.010741,-71.506558,Furniture,337122,Lead compounds,N420,NO,Pounds,7.494,0,0,0,7.494,0,7.494,ETHAN ALLEN OPERATIONS INC
2023,05101WHTNYINDUS,WHITNEY BLAKE CO,20 INDUSTRIAL DR,BELLOWS FALLS,WINDHAM,VT,05101,43.164891,-72.453573,Electrical Equipment,335931,Lead compounds,N420,NO,Pounds,0,0,0,0,0,0,0,NA
2023,05201TNSTRWESTR,TANSITOR ELECTRONICS INC,2813 W RD,BENNINGTON,BENNINGTON,VT,05201,42.881093,-73.247022,Computers and Electronic Products,334416,Lead compounds,N420,NO,Pounds,0,0,0,0,0,0,0,VISHAY INTERTECHNOLOGY INC
2023,05301FLFLXPUTNE,GARWARE FULFLEX USA INC.,32 JUSTIN HOLDEN DR,BRATTLEBORO,WINDHAM,VT,05301,42.885623,-72.555569,Chemicals,325212,Lead compounds,N420,NO,Pounds,0,0.087,0,0,0.087,113.1,113.187,NA
2023,05465SRMYTETHAN,U.S. ARMY NATIONAL GUARD ETHAN ALLEN FIRING RANGE,ETHAN ALLEN FIRING RANGE,JERICHO,CHITTENDEN,VT,05465,44.480478,-72.967643,Other,928110,Lead,7439-92-1,YES,Pounds,0,0,0,0,10614,0,10614,US DEPARTMENT OF DEFENSE
2023,0547WPKNDS326CA,PIKE INDUSTRIES INC. - NEW HAVEN (C600 & P736),326 CAMPGROUND RD,NEW HAVEN,ADDISON,VT,05472,44.085888,-73.181918,Petroleum,324121,Lead,7439-92-1,YES,Pounds,0,0,0,0,0,0,0,CRH AMERICAS INC
2023,05485BSCSCMILLS,WESTROCK CONVERTING LLC,369 MILL ST,SHELDON SPRINGS,FRANKLIN,VT,05485,44.906475,-72.978457,Paper,322130,Lead  And Lead Compounds,N420,NO,Pounds,0,0.342,0.277,0,0.619,5.1,5.719,SMURFIT WESTROCK U.S. HOLDING CO
2023,05491HRCLSPANTO,SIMMONDS PRECISION PRODUCTS INC.,100 PANTON RD,VERGENNES,ADDISON,VT,05491,44.163130,-73.262670,Transportation Equipment,336413,Lead,7439-92-1,YES,Pounds,0,0.16,0,0,0.16,0.026,0.186,RAYTHEON TECHNOLOGIES CORP
2023,0549WPKNDS346AV,PIKE INDUSTRIES INC. - WILLISTON VT (P800),346 AVENUE A,WILLISTON,CHITTENDEN,VT,05495,44.462638,-73.132244,Petroleum,324121,Lead,7439-92-1,YES,Pounds,0,0,0,0,0,0,0,CRH AMERICAS INC
2023,0581WFRBNK2176P,FAIRBANKS SCALES INC,2176 PORTLAND ST,SAINT JOHNSBURY,CALEDONIA,VT,05819,44.427881,-71.977942,Machinery,333998,Lead,7439-92-1,YES,Pounds,0,0,0,0,0,0,0,FANCOR INC
2023,0581WPKNDS2884D,PIKE INDUSTRIES INC. - WATERFORD VT (P702 & C603),2884 DUCK POND RD,SAINT JOHNSBURY,CALEDONIA,VT,05819,44.375664,-71.952071,Petroleum,324121,Lead,7439-92-1,YES,Pounds,0,0,0,0,0,0,0,CRH AMERICAS INC
2023,05860RLNSDRAILR,ETHAN ALLEN OPERATIONS INC ORLEANS DIV,27 RAILROAD AVE,ORLEANS,ORLEANS,VT,05860,44.807792,-72.204520,Furniture,337122,Lead compounds,N420,NO,Pounds,0,2.908,0,0,2.908,0,2.908,ETHAN ALLEN OPERATIONS INC
2023,05902THNLLMAINS,ETHAN ALLEN OPERATIONS INC BEECHER FALLS DIV,1280 VT RT 253,BEECHER FALLS,ESSEX,VT,05902,45.010741,-71.506558,Furniture,337122,Lead compounds,N420,NO,Pounds,0,3.22,0,0,3.22,0,3.22,ETHAN ALLEN OPERATIONS INC
2024,05101WHTNYINDUS,WHITNEY BLAKE CO,20 INDUSTRIAL DR,BELLOWS FALLS,WINDHAM,VT,05101,43.164891,-72.453573,Electrical Equipment,335931,Lead compounds,N420,NO,Pounds,0,0,0,0,0,0,0,NA
2024,05201TNSTRWESTR,TANSITOR ELECTRONICS INC,2813 W RD,BENNINGTON,BENNINGTON,VT,05201,42.881093,-73.247022,Computers and Electronic Products,334416,Lead  And Lead Compounds,N420,NO,Pounds,0,0,0,0,0,0,0,VISHAY INTERTECHNOLOGY INC
2024,05301FLFLXPUTNE,GARWARE FULFLEX USA INC.,32 JUSTIN HOLDEN DR,BRATTLEBORO,WINDHAM,VT,05301,42.885623,-72.555569,Chemicals,325212,Lead compounds,N420,NO,Pounds,0,2.017084,0,0,2.017084,877.3936,879.410684,NA
2024,05465SRMYTETHAN,U.S. ARMY NATIONAL GUARD ETHAN ALLEN FIRING RANGE,ETHAN ALLEN FIRING RANGE,JERICHO,CHITTENDEN,VT,05465,44.480478,-72.967643,Other,928110,Lead,7439-92-1,YES,Pounds,0,0,0,0,12466.9,0,12466.9,US DEPARTMENT OF DEFENSE
2024,0547WPKNDS326CA,PIKE INDUSTRIES INC. - NEW HAVEN (C600 & P736),326 CAMPGROUND RD,NEW HAVEN,ADDISON,VT,05472,44.085888,-73.181918,Petroleum,324121,Lead,7439-92-1,YES,Pounds,0,0,0,0,0,0,0,CRH AMERICAS INC
2024,05485BSCSCMILLS,WESTROCK CONVERTING LLC,369 MILL ST,SHELDON SPRINGS,FRANKLIN,VT,05485,44.906475,-72.978457,Paper,322130,Lead  And Lead Compounds,N420,NO,Pounds,0,0.32,0.28,0,0.6,8.74,9.34,SMURFIT WESTROCK U.S. HOLDING CO
2024,05491HRCLSPANTO,SIMMONDS PRECISION PRODUCTS INC.,100 PANTON RD,VERGENNES,ADDISON,VT,05491,44.163130,-73.262670,Transportation Equipment,336413,Lead,7439-92-1,YES,Pounds,0,0.15,0,0,0.15,0.0123,0.1623,RAYTHEON TECHNOLOGIES CORP
2024,0549WPKNDS346AV,PIKE INDUSTRIES INC. - WILLISTON VT (P800),346 AVENUE A,WILLISTON,CHITTENDEN,VT,05495,44.462638,-73.132244,Petroleum,324121,Lead,7439-92-1,YES,Pounds,0,0,0,0,0,0,0,CRH AMERICAS INC
2024,0564WPKNDS165GR,PIKE INDUSTRIES PLANT P-901 (BERLIN),165 GRANGER ROAD,BARRE,WASHINGTON,VT,056410542,44.210047,-72.565477,Petroleum,324121,Lead,7439-92-1,YES,Pounds,0,0,0,0,0,0,0,CRH AMERICAS INC
2024,0581WFRBNK2176P,FAIRBANKS SCALES INC,2176 PORTLAND ST,SAINT JOHNSBURY,CALEDONIA,VT,05819,44.427881,-71.977942,Machinery,333998,Lead,7439-92-1,YES,Pounds,0,0,0,0,0,0,0,FANCOR INC
2024,0581WPKNDS2884D,PIKE INDUSTRIES INC. - WATERFORD VT (P702 & C603),2884 DUCK POND RD,SAINT JOHNSBURY,CALEDONIA,VT,05819,44.375664,-71.952071,Petroleum,324121,Lead,7439-92-1,YES,Pounds,0,0,0,0,0,0,0,CRH AMERICAS INC
2024,05860RLNSDRAILR,ETHAN ALLEN OPERATIONS INC ORLEANS DIV,27 RAILROAD AVE,ORLEANS,ORLEANS,VT,05860,44.807792,-72.204520,Furniture,337122,Lead  And Lead Compounds,N420,NO,Pounds,0,3.05,0,0,3.05,0,3.05,ETHAN ALLEN OPERATIONS INC
2024,05902THNLLMAINS,ETHAN ALLEN OPERATIONS INC BEECHER FALLS DIV,1280 VT RT 253,BEECHER FALLS,ESSEX,VT,05902,45.010741,-71.506558,Furniture,337122,Lead  And Lead Compounds,N420,NO,Pounds,0,6.2,0,0,6.2,0,6.2,ETHAN ALLEN OPERATIONS INC
